id,record_type,view_id,row_id,column_id,capability_refs,need,operation,outcome,implementation_status,standing,source_refs,code_refs,test_refs,account_ref,relation,coverage,extensions
M0P-LANGUAGE,capability,,,,[],Render source-provenanced Anuttara language and canonical absence states,"Navigate, read and operate Anuttara as a source-addressed M0′ language/Bimba instrument without fabricating absent canonical content.",Render source-provenanced Anuttara language and canonical absence states,unresolved,architecture-contract,epi-m-capability-field-m0.json;epi-capability-readiness.json,,,EPI-M-CAPABILITY-FIELD.md,,,"{""capability"":{""capability_ref"":""M0P-LANGUAGE"",""m"":""M0"",""for_what"":""Render source-provenanced Anuttara language and canonical absence states"",""m_prime_operation"":""Navigate, read and operate Anuttara as a source-addressed M0′ language/Bimba instrument without fabricating absent canonical content."",""s_prime"":[""S0′ Khora"",""S1′ Hen"",""S2′ Pleroma"",""S5′ Aletheia""],""native_owners"":[""Central"",""AIKit"",""QL-MEF""],""evidence_refs"":[""OI_WORLD_RECOGNITION_185"",""AIKIT_SEMANTIC_WIKI_158""],""m_standing"":""CURRENT-DOMAIN-SPEC"",""epi_composition_standing"":""DERIVED-CURRENT-ARCHITECTURE"",""epii_on_x_ref"":""EPII_ON_M0_ANUTTARA"",""return_profile"":""M0""},""domain"":{""schema_version"":""epi-m-capability-domain/0.2"",""status"":""active-research-matrix"",""date"":""2026-09-03"",""m"":""M0"",""m_name"":""Anuttara"",""m_prime"":""M0′ Bimba / playable source-addressed language and graph instrument"",""epii_on_x"":{""ref"":""EPII_ON_M0_ANUTTARA"",""name"":""Epii-on-Anuttara"",""source"":""m5-prime-epii-on-anuttara-language-development.md"",""blob"":""a3cccc90204462ba3f7ef36f234005ffa2317269"",""standing"":""CURRENT-DOMAIN-SPEC / RESEARCH-PROPOSITION"",""developmental_law"":""Deliberate language construction/articulation; construction-not-training.""},""return"":{""target_ground"":""Anuttara/Bimba canonical source"",""recognition_owner"":""human-authored/canonical Bimba source authority through governed proposal and Recognition"",""proposal_is_not_promotion"":true}},""readiness"":{""ref"":""M0P-LANGUAGE"",""readiness"":""READY-TO-COMPOSE"",""proof"":""P1""},""evidence"":{""OI_WORLD_RECOGNITION_185"":{""standing"":""IMPLEMENTATION-FACT"",""owner"":""O:I"",""revision"":""18fd59838c63b0a2caff23e249eff24a8a0f6fc0"",""source"":""EpiLogos/O-I#185"",""relation"":""Adapter-driven World recognition discovers existing technologies, relations and owner bindings and routes missing integration to native owners without semantic takeover.""},""AIKIT_SEMANTIC_WIKI_158"":{""standing"":""IMPLEMENTATION-FACT"",""owner"":""AIKit"",""revision"":""current main at 00afe1b91f00f3881cac56459fa1cff8e7ba7183"",""source"":""EpiLogos/ai-kit#158 (closed completed)"",""relation"":""SemanticWiki/Living Knowledge/Contemplate operates canonical QL-shaped knowledge with provenance, bounded deterministic preflight, generated WikiReadings and Return; no automatic model invocation or canon promotion.""}},""standing_mapping"":{""source"":""CURRENT-DOMAIN-SPEC"",""canonical"":""architecture-contract"",""basis"":""Source domain specification role; no implementation claim.""}}"
M0P-QL-STRUCTURE,capability,,,,[],Expose family/mirror/lens/inversion pointer law and position character,"Traverse family, mirror, lens, inversion and position relations as an operative M0′ structural reading rather than isolated labels.",Expose family/mirror/lens/inversion pointer law and position character,unresolved,architecture-contract,epi-m-capability-field-m0.json;epi-capability-readiness.json,,,EPI-M-CAPABILITY-FIELD.md,,,"{""capability"":{""capability_ref"":""M0P-QL-STRUCTURE"",""m"":""M0"",""for_what"":""Expose family/mirror/lens/inversion pointer law and position character"",""m_prime_operation"":""Traverse family, mirror, lens, inversion and position relations as an operative M0′ structural reading rather than isolated labels."",""s_prime"":[""S1′ Hen"",""S2′ Pleroma"",""S4′ Anima""],""native_owners"":[""QL-MEF"",""AIKit""],""evidence_refs"":[""AIKIT_SEMANTIC_WIKI_158""],""m_standing"":""CURRENT-DOMAIN-SPEC"",""epi_composition_standing"":""DERIVED-CURRENT-ARCHITECTURE"",""epii_on_x_ref"":""EPII_ON_M0_ANUTTARA"",""return_profile"":""M0""},""domain"":{""schema_version"":""epi-m-capability-domain/0.2"",""status"":""active-research-matrix"",""date"":""2026-09-03"",""m"":""M0"",""m_name"":""Anuttara"",""m_prime"":""M0′ Bimba / playable source-addressed language and graph instrument"",""epii_on_x"":{""ref"":""EPII_ON_M0_ANUTTARA"",""name"":""Epii-on-Anuttara"",""source"":""m5-prime-epii-on-anuttara-language-development.md"",""blob"":""a3cccc90204462ba3f7ef36f234005ffa2317269"",""standing"":""CURRENT-DOMAIN-SPEC / RESEARCH-PROPOSITION"",""developmental_law"":""Deliberate language construction/articulation; construction-not-training.""},""return"":{""target_ground"":""Anuttara/Bimba canonical source"",""recognition_owner"":""human-authored/canonical Bimba source authority through governed proposal and Recognition"",""proposal_is_not_promotion"":true}},""readiness"":{""ref"":""M0P-QL-STRUCTURE"",""readiness"":""READY-TO-COMPOSE"",""proof"":""P1""},""evidence"":{""AIKIT_SEMANTIC_WIKI_158"":{""standing"":""IMPLEMENTATION-FACT"",""owner"":""AIKit"",""revision"":""current main at 00afe1b91f00f3881cac56459fa1cff8e7ba7183"",""source"":""EpiLogos/ai-kit#158 (closed completed)"",""relation"":""SemanticWiki/Living Knowledge/Contemplate operates canonical QL-shaped knowledge with provenance, bounded deterministic preflight, generated WikiReadings and Return; no automatic model invocation or canon promotion.""}},""standing_mapping"":{""source"":""CURRENT-DOMAIN-SPEC"",""canonical"":""architecture-contract"",""basis"":""Source domain specification role; no implementation claim.""}}"
M0P-RELATIONS,capability,,,,[],Inspect provenance-typed Bimba relation field,Inspect Bimba neighbourhoods as provenance-bearing relational Wiki/graph readings and return any generated relation to exact source basis.,Inspect provenance-typed Bimba relation field,unresolved,architecture-contract,epi-m-capability-field-m0.json;epi-capability-readiness.json,,,EPI-M-CAPABILITY-FIELD.md,,,"{""capability"":{""capability_ref"":""M0P-RELATIONS"",""m"":""M0"",""for_what"":""Inspect provenance-typed Bimba relation field"",""m_prime_operation"":""Inspect Bimba neighbourhoods as provenance-bearing relational Wiki/graph readings and return any generated relation to exact source basis."",""s_prime"":[""S1′ Hen"",""S2′ Pleroma"",""S5′ Aletheia""],""native_owners"":[""AIKit"",""QL-MEF""],""evidence_refs"":[""AIKIT_SEMANTIC_WIKI_158""],""m_standing"":""CURRENT-DOMAIN-SPEC"",""epi_composition_standing"":""DERIVED-CURRENT-ARCHITECTURE"",""epii_on_x_ref"":""EPII_ON_M0_ANUTTARA"",""return_profile"":""M0""},""domain"":{""schema_version"":""epi-m-capability-domain/0.2"",""status"":""active-research-matrix"",""date"":""2026-09-03"",""m"":""M0"",""m_name"":""Anuttara"",""m_prime"":""M0′ Bimba / playable source-addressed language and graph instrument"",""epii_on_x"":{""ref"":""EPII_ON_M0_ANUTTARA"",""name"":""Epii-on-Anuttara"",""source"":""m5-prime-epii-on-anuttara-language-development.md"",""blob"":""a3cccc90204462ba3f7ef36f234005ffa2317269"",""standing"":""CURRENT-DOMAIN-SPEC / RESEARCH-PROPOSITION"",""developmental_law"":""Deliberate language construction/articulation; construction-not-training.""},""return"":{""target_ground"":""Anuttara/Bimba canonical source"",""recognition_owner"":""human-authored/canonical Bimba source authority through governed proposal and Recognition"",""proposal_is_not_promotion"":true}},""readiness"":{""ref"":""M0P-RELATIONS"",""readiness"":""READY-TO-COMPOSE"",""proof"":""P1""},""evidence"":{""AIKIT_SEMANTIC_WIKI_158"":{""standing"":""IMPLEMENTATION-FACT"",""owner"":""AIKit"",""revision"":""current main at 00afe1b91f00f3881cac56459fa1cff8e7ba7183"",""source"":""EpiLogos/ai-kit#158 (closed completed)"",""relation"":""SemanticWiki/Living Knowledge/Contemplate operates canonical QL-shaped knowledge with provenance, bounded deterministic preflight, generated WikiReadings and Return; no automatic model invocation or canon promotion.""}},""standing_mapping"":{""source"":""CURRENT-DOMAIN-SPEC"",""canonical"":""architecture-contract"",""basis"":""Source domain specification role; no implementation claim.""}}"
M0P-TIME-COMMUNITY,capability,,,,[],Overlay graph/community relations and active collective NOW,Situate an M0′ Bimba neighbourhood against source freshness and the current shared-field/world-time horizon without making the overlay canonical.,Overlay graph/community relations and active collective NOW,unresolved,architecture-contract,epi-m-capability-field-m0.json;epi-capability-readiness.json,,,EPI-M-CAPABILITY-FIELD.md,,,"{""capability"":{""capability_ref"":""M0P-TIME-COMMUNITY"",""m"":""M0"",""for_what"":""Overlay graph/community relations and active collective NOW"",""m_prime_operation"":""Situate an M0′ Bimba neighbourhood against source freshness and the current shared-field/world-time horizon without making the overlay canonical."",""s_prime"":[""S3′ Chronos"",""S1′ Hen"",""S2′ Pleroma""],""native_owners"":[""AIKit"",""O:I SharedField"",""QL-MEF""],""evidence_refs"":[""AIKIT_CENTRAL_TEMPORAL_176"",""OI_SHAREDFIELD_SPACETIMEDB""],""m_standing"":""CURRENT-DOMAIN-SPEC"",""epi_composition_standing"":""DERIVED-CURRENT-ARCHITECTURE"",""epii_on_x_ref"":""EPII_ON_M0_ANUTTARA"",""return_profile"":""M0""},""domain"":{""schema_version"":""epi-m-capability-domain/0.2"",""status"":""active-research-matrix"",""date"":""2026-09-03"",""m"":""M0"",""m_name"":""Anuttara"",""m_prime"":""M0′ Bimba / playable source-addressed language and graph instrument"",""epii_on_x"":{""ref"":""EPII_ON_M0_ANUTTARA"",""name"":""Epii-on-Anuttara"",""source"":""m5-prime-epii-on-anuttara-language-development.md"",""blob"":""a3cccc90204462ba3f7ef36f234005ffa2317269"",""standing"":""CURRENT-DOMAIN-SPEC / RESEARCH-PROPOSITION"",""developmental_law"":""Deliberate language construction/articulation; construction-not-training.""},""return"":{""target_ground"":""Anuttara/Bimba canonical source"",""recognition_owner"":""human-authored/canonical Bimba source authority through governed proposal and Recognition"",""proposal_is_not_promotion"":true}},""readiness"":{""ref"":""M0P-TIME-COMMUNITY"",""readiness"":""READY-TO-COMPOSE"",""proof"":""P1""},""evidence"":{""AIKIT_CENTRAL_TEMPORAL_176"":{""standing"":""IMPLEMENTATION-FACT"",""owner"":""AIKit"",""revision"":""00afe1b91f00f3881cac56459fa1cff8e7ba7183"",""source"":""EpiLogos/ai-kit#176"",""relation"":""AIKit consumes Central-owned NOW/DAY/Flow through registered owner Actions on causal lifecycle events; orientation does not grant authority, activate capabilities or invoke a model.""},""OI_SHAREDFIELD_SPACETIMEDB"":{""standing"":""IMPLEMENTATION-FACT + OBSERVED-RESULT"",""owner"":""O:I SharedField"",""revision"":""current O:I main 18fd59838c63b0a2caff23e249eff24a8a0f6fc0; hosted Explore lineage"",""source"":""O:I SharedField/SpaceTimeDB application line; source-trace/W11 lineage"",""relation"":""Live hosted SharedField application substrate supplies common state/readings across human/desktop/Agent surfaces; hosted IDs/state do not own Epi semantic identity.""}},""standing_mapping"":{""source"":""CURRENT-DOMAIN-SPEC"",""canonical"":""architecture-contract"",""basis"":""Source domain specification role; no implementation claim.""}}"
M0P-PERSONAL-ROUTE,capability,,,,[],Route a public coordinate into eligible protected Nara context,Enter an eligible M0 address into protected M4′ lived context under explicit authority while keeping public Bimba and private Nara distinct.,Route a public coordinate into eligible protected Nara context,unresolved,architecture-contract,epi-m-capability-field-m0.json;epi-capability-readiness.json,,,EPI-M-CAPABILITY-FIELD.md,,,"{""capability"":{""capability_ref"":""M0P-PERSONAL-ROUTE"",""m"":""M0"",""for_what"":""Route a public coordinate into eligible protected Nara context"",""m_prime_operation"":""Enter an eligible M0 address into protected M4′ lived context under explicit authority while keeping public Bimba and private Nara distinct."",""s_prime"":[""S0′ Khora"",""S4′ Anima"",""S5′ Aletheia""],""native_owners"":[""Central"",""AIKit"",""Actuation"",""QL-MEF""],""evidence_refs"":[""OI_WORLD_RECOGNITION_185"",""AIKIT_CENTRAL_TEMPORAL_176""],""m_standing"":""CURRENT-DOMAIN-SPEC"",""epi_composition_standing"":""DERIVED-CURRENT-ARCHITECTURE"",""epii_on_x_ref"":""EPII_ON_M0_ANUTTARA"",""return_profile"":""M0""},""domain"":{""schema_version"":""epi-m-capability-domain/0.2"",""status"":""active-research-matrix"",""date"":""2026-09-03"",""m"":""M0"",""m_name"":""Anuttara"",""m_prime"":""M0′ Bimba / playable source-addressed language and graph instrument"",""epii_on_x"":{""ref"":""EPII_ON_M0_ANUTTARA"",""name"":""Epii-on-Anuttara"",""source"":""m5-prime-epii-on-anuttara-language-development.md"",""blob"":""a3cccc90204462ba3f7ef36f234005ffa2317269"",""standing"":""CURRENT-DOMAIN-SPEC / RESEARCH-PROPOSITION"",""developmental_law"":""Deliberate language construction/articulation; construction-not-training.""},""return"":{""target_ground"":""Anuttara/Bimba canonical source"",""recognition_owner"":""human-authored/canonical Bimba source authority through governed proposal and Recognition"",""proposal_is_not_promotion"":true}},""readiness"":{""ref"":""M0P-PERSONAL-ROUTE"",""readiness"":""READY-TO-COMPOSE"",""proof"":""P1""},""evidence"":{""OI_WORLD_RECOGNITION_185"":{""standing"":""IMPLEMENTATION-FACT"",""owner"":""O:I"",""revision"":""18fd59838c63b0a2caff23e249eff24a8a0f6fc0"",""source"":""EpiLogos/O-I#185"",""relation"":""Adapter-driven World recognition discovers existing technologies, relations and owner bindings and routes missing integration to native owners without semantic takeover.""},""AIKIT_CENTRAL_TEMPORAL_176"":{""standing"":""IMPLEMENTATION-FACT"",""owner"":""AIKit"",""revision"":""00afe1b91f00f3881cac56459fa1cff8e7ba7183"",""source"":""EpiLogos/ai-kit#176"",""relation"":""AIKit consumes Central-owned NOW/DAY/Flow through registered owner Actions on causal lifecycle events; orientation does not grant authority, activate capabilities or invoke a model.""}},""standing_mapping"":{""source"":""CURRENT-DOMAIN-SPEC"",""canonical"":""architecture-contract"",""basis"":""Source domain specification role; no implementation claim.""}}"
M0P-PEDAGOGY-ROUTE,capability,,,,[],Route a canonical coordinate into Epii teaching/review context,"Open a canonical M0 coordinate as teachable/reviewable M5′ material with exact source trace, current context and governed Return.",Route a canonical coordinate into Epii teaching/review context,unresolved,architecture-contract,epi-m-capability-field-m0.json;epi-capability-readiness.json,,,EPI-M-CAPABILITY-FIELD.md,,,"{""capability"":{""capability_ref"":""M0P-PEDAGOGY-ROUTE"",""m"":""M0"",""for_what"":""Route a canonical coordinate into Epii teaching/review context"",""m_prime_operation"":""Open a canonical M0 coordinate as teachable/reviewable M5′ material with exact source trace, current context and governed Return."",""s_prime"":[""S1′ Hen"",""S4′ Anima"",""S5′ Aletheia""],""native_owners"":[""AIKit"",""Factory"",""QL-MEF"",""Central""],""evidence_refs"":[""AIKIT_SEMANTIC_WIKI_158"",""FACTORY_JOURNEY_176""],""m_standing"":""CURRENT-DOMAIN-SPEC"",""epi_composition_standing"":""DERIVED-CURRENT-ARCHITECTURE"",""epii_on_x_ref"":""EPII_ON_M0_ANUTTARA"",""return_profile"":""M0""},""domain"":{""schema_version"":""epi-m-capability-domain/0.2"",""status"":""active-research-matrix"",""date"":""2026-09-03"",""m"":""M0"",""m_name"":""Anuttara"",""m_prime"":""M0′ Bimba / playable source-addressed language and graph instrument"",""epii_on_x"":{""ref"":""EPII_ON_M0_ANUTTARA"",""name"":""Epii-on-Anuttara"",""source"":""m5-prime-epii-on-anuttara-language-development.md"",""blob"":""a3cccc90204462ba3f7ef36f234005ffa2317269"",""standing"":""CURRENT-DOMAIN-SPEC / RESEARCH-PROPOSITION"",""developmental_law"":""Deliberate language construction/articulation; construction-not-training.""},""return"":{""target_ground"":""Anuttara/Bimba canonical source"",""recognition_owner"":""human-authored/canonical Bimba source authority through governed proposal and Recognition"",""proposal_is_not_promotion"":true}},""readiness"":{""ref"":""M0P-PEDAGOGY-ROUTE"",""readiness"":""READY-TO-COMPOSE"",""proof"":""P1""},""evidence"":{""AIKIT_SEMANTIC_WIKI_158"":{""standing"":""IMPLEMENTATION-FACT"",""owner"":""AIKit"",""revision"":""current main at 00afe1b91f00f3881cac56459fa1cff8e7ba7183"",""source"":""EpiLogos/ai-kit#158 (closed completed)"",""relation"":""SemanticWiki/Living Knowledge/Contemplate operates canonical QL-shaped knowledge with provenance, bounded deterministic preflight, generated WikiReadings and Return; no automatic model invocation or canon promotion.""},""FACTORY_JOURNEY_176"":{""standing"":""IMPLEMENTATION-FACT"",""owner"":""Software Factory"",""revision"":""current main at 7e8fadea5156d75eb872f55f4fd4938d47fb0648"",""source"":""EpiLogos/agent-system-design#176 (closed completed)"",""relation"":""Commission/Journey/Run carries developmental continuity and evidence while Actuation owns Agency/authority/Return, AIKit operative body/context and Workcell material placement.""}},""standing_mapping"":{""source"":""CURRENT-DOMAIN-SPEC"",""canonical"":""architecture-contract"",""basis"":""Source domain specification role; no implementation claim.""}}"
M1P-CANONICAL-SOURCE,capability,,,,[],"Expose immutable harmonic, matrix and Hopf source facts",Address and inspect the canonical M1 mathematical/harmonic substrate from M1′ without allowing explanatory or model outputs to replace executable authority.,"Expose immutable harmonic, matrix and Hopf source facts",unresolved,architecture-contract,epi-m-capability-field-m1.json;epi-capability-readiness.json,,,EPI-M-CAPABILITY-FIELD.md,,,"{""capability"":{""capability_ref"":""M1P-CANONICAL-SOURCE"",""m"":""M1"",""for_what"":""Expose immutable harmonic, matrix and Hopf source facts"",""m_prime_operation"":""Address and inspect the canonical M1 mathematical/harmonic substrate from M1′ without allowing explanatory or model outputs to replace executable authority."",""s_prime"":[""S0′ Khora"",""S1′ Hen"",""S2′ Pleroma""],""native_owners"":[""QL-MEF"",""AIKit""],""evidence_refs"":[""QLMEF_CURRENT_KERNEL""],""m_standing"":""CURRENT-DOMAIN-SPEC"",""epi_composition_standing"":""DERIVED-CURRENT-ARCHITECTURE"",""epii_on_x_ref"":""EPII_ON_M1_PARAMASIVA"",""return_profile"":""M1""},""domain"":{""schema_version"":""epi-m-capability-domain/0.2"",""status"":""active-research-matrix"",""date"":""2026-09-03"",""m"":""M1"",""m_name"":""Paramaśiva"",""m_prime"":""M1′ relational / harmonic instrument"",""epii_on_x"":{""ref"":""EPII_ON_M1_PARAMASIVA"",""name"":""Epii-on-Paramaśiva"",""source"":""m5-prime-epii-on-paramasiva-ql-cpt-and-rag.md"",""blob"":""df9a75b806ea68b525871c63c43c968c57570698"",""standing"":""CURRENT-DOMAIN-SPEC / RESEARCH-PROPOSITION"",""developmental_law"":""Foundational-derivational CPT + RAG; model is articulating voice, executable matheme remains authority.""},""return"":{""target_ground"":""Paramaśiva formal/matheme source"",""recognition_owner"":""QL-MEF formal source authority with human authorial ratification for canonical change"",""proposal_is_not_promotion"":true}},""readiness"":{""ref"":""M1P-CANONICAL-SOURCE"",""readiness"":""READY-TO-COMPOSE""},""evidence"":{""QLMEF_CURRENT_KERNEL"":{""standing"":""CURRENT-DEVELOPMENT"",""owner"":""QL-MEF"",""revision"":""590ea5464e0b422beaddea2669039e3d8c7fcb5c"",""source"":""QL-MEF current main plus current subsystem matrix/kernel carriers"",""relation"":""Current QL/MEF/Vāk/kernel owner supplies formal relations and domain instrument substrate; each capability-specific implementation/observed-result claim still requires exact native proof when promoted.""}},""standing_mapping"":{""source"":""CURRENT-DOMAIN-SPEC"",""canonical"":""architecture-contract"",""basis"":""Source domain specification role; no implementation claim.""}}"
M1P-INSTANCE,capability,,,,[],"Hold bounded session walk, coordinate and lens/mode state","Maintain a bounded M1′ traversal instance with coordinate, lens/mode, actor, phase and Return provenance across session/body changes.","Hold bounded session walk, coordinate and lens/mode state",unresolved,architecture-contract,epi-m-capability-field-m1.json;epi-capability-readiness.json,,,EPI-M-CAPABILITY-FIELD.md,,,"{""capability"":{""capability_ref"":""M1P-INSTANCE"",""m"":""M1"",""for_what"":""Hold bounded session walk, coordinate and lens/mode state"",""m_prime_operation"":""Maintain a bounded M1′ traversal instance with coordinate, lens/mode, actor, phase and Return provenance across session/body changes."",""s_prime"":[""S0′ Khora"",""S3′ Chronos"",""S4′ Anima""],""native_owners"":[""AIKit"",""Actuation"",""QL-MEF""],""evidence_refs"":[""OI_WORLD_RECOGNITION_185"",""AIKIT_CONTEXT_COMPOSITION""],""m_standing"":""CURRENT-DOMAIN-SPEC"",""epi_composition_standing"":""DERIVED-CURRENT-ARCHITECTURE"",""epii_on_x_ref"":""EPII_ON_M1_PARAMASIVA"",""return_profile"":""M1""},""domain"":{""schema_version"":""epi-m-capability-domain/0.2"",""status"":""active-research-matrix"",""date"":""2026-09-03"",""m"":""M1"",""m_name"":""Paramaśiva"",""m_prime"":""M1′ relational / harmonic instrument"",""epii_on_x"":{""ref"":""EPII_ON_M1_PARAMASIVA"",""name"":""Epii-on-Paramaśiva"",""source"":""m5-prime-epii-on-paramasiva-ql-cpt-and-rag.md"",""blob"":""df9a75b806ea68b525871c63c43c968c57570698"",""standing"":""CURRENT-DOMAIN-SPEC / RESEARCH-PROPOSITION"",""developmental_law"":""Foundational-derivational CPT + RAG; model is articulating voice, executable matheme remains authority.""},""return"":{""target_ground"":""Paramaśiva formal/matheme source"",""recognition_owner"":""QL-MEF formal source authority with human authorial ratification for canonical change"",""proposal_is_not_promotion"":true}},""readiness"":{""ref"":""M1P-INSTANCE"",""readiness"":""READY-TO-COMPOSE""},""evidence"":{""OI_WORLD_RECOGNITION_185"":{""standing"":""IMPLEMENTATION-FACT"",""owner"":""O:I"",""revision"":""18fd59838c63b0a2caff23e249eff24a8a0f6fc0"",""source"":""EpiLogos/O-I#185"",""relation"":""Adapter-driven World recognition discovers existing technologies, relations and owner bindings and routes missing integration to native owners without semantic takeover.""},""AIKIT_CONTEXT_COMPOSITION"":{""standing"":""IMPLEMENTATION-FACT"",""owner"":""AIKit"",""revision"":""00afe1b91f00f3881cac56459fa1cff8e7ba7183"",""source"":""AIKit current main; canonical Skill→Method→SkillSet→Context lineage"",""relation"":""AIKit owns Context, Capability, Skill/Method, model/harness, SessionSpace and Surface composition used by Epi without becoming the Epi semantic owner.""}},""standing_mapping"":{""source"":""CURRENT-DOMAIN-SPEC"",""canonical"":""architecture-contract"",""basis"":""Source domain specification role; no implementation claim.""}}"
M1P-HARMONIC-ENGINE,capability,,,,[],Render Ananda matrix families and profile-driven harmonic state,Play and inspect the M1′ harmonic instrument from canonical matrix/profile state through currently available compute/material bodies.,Render Ananda matrix families and profile-driven harmonic state,unresolved,architecture-contract,epi-m-capability-field-m1.json;epi-capability-readiness.json,,,EPI-M-CAPABILITY-FIELD.md,,,"{""capability"":{""capability_ref"":""M1P-HARMONIC-ENGINE"",""m"":""M1"",""for_what"":""Render Ananda matrix families and profile-driven harmonic state"",""m_prime_operation"":""Play and inspect the M1′ harmonic instrument from canonical matrix/profile state through currently available compute/material bodies."",""s_prime"":[""S2′ Pleroma"",""S3′ Chronos"",""S4′ Anima""],""native_owners"":[""QL-MEF"",""AIKit"",""Workcell""],""evidence_refs"":[""QLMEF_CURRENT_KERNEL"",""WORKCELL_MATERIAL_BODY""],""m_standing"":""CURRENT-DOMAIN-SPEC"",""epi_composition_standing"":""DERIVED-CURRENT-ARCHITECTURE"",""epii_on_x_ref"":""EPII_ON_M1_PARAMASIVA"",""return_profile"":""M1""},""domain"":{""schema_version"":""epi-m-capability-domain/0.2"",""status"":""active-research-matrix"",""date"":""2026-09-03"",""m"":""M1"",""m_name"":""Paramaśiva"",""m_prime"":""M1′ relational / harmonic instrument"",""epii_on_x"":{""ref"":""EPII_ON_M1_PARAMASIVA"",""name"":""Epii-on-Paramaśiva"",""source"":""m5-prime-epii-on-paramasiva-ql-cpt-and-rag.md"",""blob"":""df9a75b806ea68b525871c63c43c968c57570698"",""standing"":""CURRENT-DOMAIN-SPEC / RESEARCH-PROPOSITION"",""developmental_law"":""Foundational-derivational CPT + RAG; model is articulating voice, executable matheme remains authority.""},""return"":{""target_ground"":""Paramaśiva formal/matheme source"",""recognition_owner"":""QL-MEF formal source authority with human authorial ratification for canonical change"",""proposal_is_not_promotion"":true}},""readiness"":{""ref"":""M1P-HARMONIC-ENGINE"",""readiness"":""EPI-GAP""},""evidence"":{""QLMEF_CURRENT_KERNEL"":{""standing"":""CURRENT-DEVELOPMENT"",""owner"":""QL-MEF"",""revision"":""590ea5464e0b422beaddea2669039e3d8c7fcb5c"",""source"":""QL-MEF current main plus current subsystem matrix/kernel carriers"",""relation"":""Current QL/MEF/Vāk/kernel owner supplies formal relations and domain instrument substrate; each capability-specific implementation/observed-result claim still requires exact native proof when promoted.""},""WORKCELL_MATERIAL_BODY"":{""standing"":""IMPLEMENTATION-FACT"",""owner"":""Workcell"",""revision"":""25792dc3aa8e4c54088c0696cee00f8efefe03ad"",""source"":""Workcell current main"",""relation"":""Workcell owns material provider/body/process/service conditions; material identity remains distinct from Agent, capability and Epi semantic identity.""}},""standing_mapping"":{""source"":""CURRENT-DOMAIN-SPEC"",""canonical"":""architecture-contract"",""basis"":""Source domain specification role; no implementation claim.""}}"
M1P-SPANDA,capability,,,,[],"Enact profile/tick-driven phase, pulsation and inversion",Carry M1′ pulsation as a provenance-bearing phase/tick/inversion process available to the active Context Frame rather than renderer-local time.,"Enact profile/tick-driven phase, pulsation and inversion",unresolved,architecture-contract,epi-m-capability-field-m1.json;epi-capability-readiness.json,,,EPI-M-CAPABILITY-FIELD.md,,,"{""capability"":{""capability_ref"":""M1P-SPANDA"",""m"":""M1"",""for_what"":""Enact profile/tick-driven phase, pulsation and inversion"",""m_prime_operation"":""Carry M1′ pulsation as a provenance-bearing phase/tick/inversion process available to the active Context Frame rather than renderer-local time."",""s_prime"":[""S3′ Chronos"",""S2′ Pleroma"",""S4′ Anima""],""native_owners"":[""QL-MEF"",""AIKit""],""evidence_refs"":[""QLMEF_CURRENT_KERNEL""],""m_standing"":""CURRENT-DOMAIN-SPEC"",""epi_composition_standing"":""DERIVED-CURRENT-ARCHITECTURE"",""epii_on_x_ref"":""EPII_ON_M1_PARAMASIVA"",""return_profile"":""M1""},""domain"":{""schema_version"":""epi-m-capability-domain/0.2"",""status"":""active-research-matrix"",""date"":""2026-09-03"",""m"":""M1"",""m_name"":""Paramaśiva"",""m_prime"":""M1′ relational / harmonic instrument"",""epii_on_x"":{""ref"":""EPII_ON_M1_PARAMASIVA"",""name"":""Epii-on-Paramaśiva"",""source"":""m5-prime-epii-on-paramasiva-ql-cpt-and-rag.md"",""blob"":""df9a75b806ea68b525871c63c43c968c57570698"",""standing"":""CURRENT-DOMAIN-SPEC / RESEARCH-PROPOSITION"",""developmental_law"":""Foundational-derivational CPT + RAG; model is articulating voice, executable matheme remains authority.""},""return"":{""target_ground"":""Paramaśiva formal/matheme source"",""recognition_owner"":""QL-MEF formal source authority with human authorial ratification for canonical change"",""proposal_is_not_promotion"":true}},""readiness"":{""ref"":""M1P-SPANDA"",""readiness"":""EPI-GAP""},""evidence"":{""QLMEF_CURRENT_KERNEL"":{""standing"":""CURRENT-DEVELOPMENT"",""owner"":""QL-MEF"",""revision"":""590ea5464e0b422beaddea2669039e3d8c7fcb5c"",""source"":""QL-MEF current main plus current subsystem matrix/kernel carriers"",""relation"":""Current QL/MEF/Vāk/kernel owner supplies formal relations and domain instrument substrate; each capability-specific implementation/observed-result claim still requires exact native proof when promoted.""}},""standing_mapping"":{""source"":""CURRENT-DOMAIN-SPEC"",""canonical"":""architecture-contract"",""basis"":""Source domain specification role; no implementation claim.""}}"
M1P-QL-FLOWERING,capability,,,,[],Walk positions/relations and compose lens-as-scale traversal,"Operate M1′ position, relation, complement, conjugacy and lens traversal as one bounded relational instrument with recursive Return.",Walk positions/relations and compose lens-as-scale traversal,unresolved,architecture-contract,epi-m-capability-field-m1.json;epi-capability-readiness.json,,,EPI-M-CAPABILITY-FIELD.md,,,"{""capability"":{""capability_ref"":""M1P-QL-FLOWERING"",""m"":""M1"",""for_what"":""Walk positions/relations and compose lens-as-scale traversal"",""m_prime_operation"":""Operate M1′ position, relation, complement, conjugacy and lens traversal as one bounded relational instrument with recursive Return."",""s_prime"":[""S1′ Hen"",""S2′ Pleroma"",""S4′ Anima""],""native_owners"":[""QL-MEF"",""AIKit""],""evidence_refs"":[""AIKIT_SEMANTIC_WIKI_158"",""QLMEF_CURRENT_KERNEL""],""m_standing"":""CURRENT-DOMAIN-SPEC"",""epi_composition_standing"":""DERIVED-CURRENT-ARCHITECTURE"",""epii_on_x_ref"":""EPII_ON_M1_PARAMASIVA"",""return_profile"":""M1""},""domain"":{""schema_version"":""epi-m-capability-domain/0.2"",""status"":""active-research-matrix"",""date"":""2026-09-03"",""m"":""M1"",""m_name"":""Paramaśiva"",""m_prime"":""M1′ relational / harmonic instrument"",""epii_on_x"":{""ref"":""EPII_ON_M1_PARAMASIVA"",""name"":""Epii-on-Paramaśiva"",""source"":""m5-prime-epii-on-paramasiva-ql-cpt-and-rag.md"",""blob"":""df9a75b806ea68b525871c63c43c968c57570698"",""standing"":""CURRENT-DOMAIN-SPEC / RESEARCH-PROPOSITION"",""developmental_law"":""Foundational-derivational CPT + RAG; model is articulating voice, executable matheme remains authority.""},""return"":{""target_ground"":""Paramaśiva formal/matheme source"",""recognition_owner"":""QL-MEF formal source authority with human authorial ratification for canonical change"",""proposal_is_not_promotion"":true}},""readiness"":{""ref"":""M1P-QL-FLOWERING"",""readiness"":""READY-TO-COMPOSE""},""evidence"":{""AIKIT_SEMANTIC_WIKI_158"":{""standing"":""IMPLEMENTATION-FACT"",""owner"":""AIKit"",""revision"":""current main at 00afe1b91f00f3881cac56459fa1cff8e7ba7183"",""source"":""EpiLogos/ai-kit#158 (closed completed)"",""relation"":""SemanticWiki/Living Knowledge/Contemplate operates canonical QL-shaped knowledge with provenance, bounded deterministic preflight, generated WikiReadings and Return; no automatic model invocation or canon promotion.""},""QLMEF_CURRENT_KERNEL"":{""standing"":""CURRENT-DEVELOPMENT"",""owner"":""QL-MEF"",""revision"":""590ea5464e0b422beaddea2669039e3d8c7fcb5c"",""source"":""QL-MEF current main plus current subsystem matrix/kernel carriers"",""relation"":""Current QL/MEF/Vāk/kernel owner supplies formal relations and domain instrument substrate; each capability-specific implementation/observed-result claim still requires exact native proof when promoted.""}},""standing_mapping"":{""source"":""CURRENT-DOMAIN-SPEC"",""canonical"":""architecture-contract"",""basis"":""Source domain specification role; no implementation claim.""}}"
M1P-TOPOLOGY,capability,,,,[],"Render played torus, Hopf and 4pi topology recognition",Make torus/Hopf/4π relations experientially inspectable in M1′ and return observations as evidence without rewriting the formal topology.,"Render played torus, Hopf and 4pi topology recognition",unresolved,architecture-contract,epi-m-capability-field-m1.json;epi-capability-readiness.json,,,EPI-M-CAPABILITY-FIELD.md,,,"{""capability"":{""capability_ref"":""M1P-TOPOLOGY"",""m"":""M1"",""for_what"":""Render played torus, Hopf and 4pi topology recognition"",""m_prime_operation"":""Make torus/Hopf/4π relations experientially inspectable in M1′ and return observations as evidence without rewriting the formal topology."",""s_prime"":[""S2′ Pleroma"",""S4′ Anima"",""S5′ Aletheia""],""native_owners"":[""QL-MEF"",""AIKit""],""evidence_refs"":[""QLMEF_CURRENT_KERNEL""],""m_standing"":""CURRENT-DOMAIN-SPEC"",""epi_composition_standing"":""DERIVED-CURRENT-ARCHITECTURE"",""epii_on_x_ref"":""EPII_ON_M1_PARAMASIVA"",""return_profile"":""M1""},""domain"":{""schema_version"":""epi-m-capability-domain/0.2"",""status"":""active-research-matrix"",""date"":""2026-09-03"",""m"":""M1"",""m_name"":""Paramaśiva"",""m_prime"":""M1′ relational / harmonic instrument"",""epii_on_x"":{""ref"":""EPII_ON_M1_PARAMASIVA"",""name"":""Epii-on-Paramaśiva"",""source"":""m5-prime-epii-on-paramasiva-ql-cpt-and-rag.md"",""blob"":""df9a75b806ea68b525871c63c43c968c57570698"",""standing"":""CURRENT-DOMAIN-SPEC / RESEARCH-PROPOSITION"",""developmental_law"":""Foundational-derivational CPT + RAG; model is articulating voice, executable matheme remains authority.""},""return"":{""target_ground"":""Paramaśiva formal/matheme source"",""recognition_owner"":""QL-MEF formal source authority with human authorial ratification for canonical change"",""proposal_is_not_promotion"":true}},""readiness"":{""ref"":""M1P-TOPOLOGY"",""readiness"":""EPI-GAP""},""evidence"":{""QLMEF_CURRENT_KERNEL"":{""standing"":""CURRENT-DEVELOPMENT"",""owner"":""QL-MEF"",""revision"":""590ea5464e0b422beaddea2669039e3d8c7fcb5c"",""source"":""QL-MEF current main plus current subsystem matrix/kernel carriers"",""relation"":""Current QL/MEF/Vāk/kernel owner supplies formal relations and domain instrument substrate; each capability-specific implementation/observed-result claim still requires exact native proof when promoted.""}},""standing_mapping"":{""source"":""CURRENT-DOMAIN-SPEC"",""canonical"":""architecture-contract"",""basis"":""Source domain specification role; no implementation claim.""}}"
M2P-PROFILE-SOURCE,capability,,,,[],Validate and serve 72-space addresses and correspondential descriptors,Address the M2′ 72-space from canonical profile sources with explicit provenance and derived/canonical standing.,Validate and serve 72-space addresses and correspondential descriptors,unresolved,architecture-contract,epi-m-capability-field-m2.json;epi-capability-readiness.json,,,EPI-M-CAPABILITY-FIELD.md,,,"{""capability"":{""capability_ref"":""M2P-PROFILE-SOURCE"",""m"":""M2"",""for_what"":""Validate and serve 72-space addresses and correspondential descriptors"",""m_prime_operation"":""Address the M2′ 72-space from canonical profile sources with explicit provenance and derived/canonical standing."",""s_prime"":[""S0′ Khora"",""S1′ Hen"",""S2′ Pleroma""],""native_owners"":[""QL-MEF"",""AIKit""],""evidence_refs"":[""QLMEF_CURRENT_KERNEL""],""m_standing"":""CURRENT-DOMAIN-SPEC"",""epi_composition_standing"":""DERIVED-CURRENT-ARCHITECTURE"",""epii_on_x_ref"":""EPII_ON_M2_PARASAKTI"",""return_profile"":""M2""},""domain"":{""schema_version"":""epi-m-capability-domain/0.2"",""status"":""active-research-matrix"",""date"":""2026-09-03"",""m"":""M2"",""m_name"":""Paraśakti"",""m_prime"":""M2′ correspondential / cymatic instrument"",""epii_on_x"":{""ref"":""EPII_ON_M2_PARASAKTI"",""name"":""Epii-on-Paraśakti"",""source"":""m5-prime-epii-on-parashakti-graph-relational-ml.md"",""blob"":""530c3a15dd27945545328a9d015f18ea038265f9"",""standing"":""CURRENT-DOMAIN-SPEC / RESEARCH-PROPOSITION"",""developmental_law"":""Graph-relational ML over derived representation geometry; embeddings remain rebuildable and non-canonical.""},""return"":{""target_ground"":""Paraśakti canonical correspondential source"",""recognition_owner"":""QL-MEF/Epi correspondential source authority; learned geometry and fitness evidence remain derived until recognised"",""proposal_is_not_promotion"":true}},""readiness"":{""ref"":""M2P-PROFILE-SOURCE"",""readiness"":""EPI-GAP""},""evidence"":{""QLMEF_CURRENT_KERNEL"":{""standing"":""CURRENT-DEVELOPMENT"",""owner"":""QL-MEF"",""revision"":""590ea5464e0b422beaddea2669039e3d8c7fcb5c"",""source"":""QL-MEF current main plus current subsystem matrix/kernel carriers"",""relation"":""Current QL/MEF/Vāk/kernel owner supplies formal relations and domain instrument substrate; each capability-specific implementation/observed-result claim still requires exact native proof when promoted.""}},""standing_mapping"":{""source"":""CURRENT-DOMAIN-SPEC"",""canonical"":""architecture-contract"",""basis"":""Source domain specification role; no implementation claim.""}}"
M2P-VIMARSHA-AUDIO,capability,,,,[],Read Prakāśa profile through Vimarśa/MEF and produce shared 8+4 audio bus,"Play the M2′ Vimarśa/cymatic reading as a time-qualified, materialised audio/instrument state while retaining its source profile.",Read Prakāśa profile through Vimarśa/MEF and produce shared 8+4 audio bus,unresolved,architecture-contract,epi-m-capability-field-m2.json;epi-capability-readiness.json,,,EPI-M-CAPABILITY-FIELD.md,,,"{""capability"":{""capability_ref"":""M2P-VIMARSHA-AUDIO"",""m"":""M2"",""for_what"":""Read Prakāśa profile through Vimarśa/MEF and produce shared 8+4 audio bus"",""m_prime_operation"":""Play the M2′ Vimarśa/cymatic reading as a time-qualified, materialised audio/instrument state while retaining its source profile."",""s_prime"":[""S2′ Pleroma"",""S3′ Chronos"",""S4′ Anima""],""native_owners"":[""QL-MEF"",""AIKit"",""Workcell""],""evidence_refs"":[""QLMEF_CURRENT_KERNEL"",""WORKCELL_MATERIAL_BODY""],""m_standing"":""CURRENT-DOMAIN-SPEC"",""epi_composition_standing"":""DERIVED-CURRENT-ARCHITECTURE"",""epii_on_x_ref"":""EPII_ON_M2_PARASAKTI"",""return_profile"":""M2""},""domain"":{""schema_version"":""epi-m-capability-domain/0.2"",""status"":""active-research-matrix"",""date"":""2026-09-03"",""m"":""M2"",""m_name"":""Paraśakti"",""m_prime"":""M2′ correspondential / cymatic instrument"",""epii_on_x"":{""ref"":""EPII_ON_M2_PARASAKTI"",""name"":""Epii-on-Paraśakti"",""source"":""m5-prime-epii-on-parashakti-graph-relational-ml.md"",""blob"":""530c3a15dd27945545328a9d015f18ea038265f9"",""standing"":""CURRENT-DOMAIN-SPEC / RESEARCH-PROPOSITION"",""developmental_law"":""Graph-relational ML over derived representation geometry; embeddings remain rebuildable and non-canonical.""},""return"":{""target_ground"":""Paraśakti canonical correspondential source"",""recognition_owner"":""QL-MEF/Epi correspondential source authority; learned geometry and fitness evidence remain derived until recognised"",""proposal_is_not_promotion"":true}},""readiness"":{""ref"":""M2P-VIMARSHA-AUDIO"",""readiness"":""EPI-GAP""},""evidence"":{""QLMEF_CURRENT_KERNEL"":{""standing"":""CURRENT-DEVELOPMENT"",""owner"":""QL-MEF"",""revision"":""590ea5464e0b422beaddea2669039e3d8c7fcb5c"",""source"":""QL-MEF current main plus current subsystem matrix/kernel carriers"",""relation"":""Current QL/MEF/Vāk/kernel owner supplies formal relations and domain instrument substrate; each capability-specific implementation/observed-result claim still requires exact native proof when promoted.""},""WORKCELL_MATERIAL_BODY"":{""standing"":""IMPLEMENTATION-FACT"",""owner"":""Workcell"",""revision"":""25792dc3aa8e4c54088c0696cee00f8efefe03ad"",""source"":""Workcell current main"",""relation"":""Workcell owns material provider/body/process/service conditions; material identity remains distinct from Agent, capability and Epi semantic identity.""}},""standing_mapping"":{""source"":""CURRENT-DOMAIN-SPEC"",""canonical"":""architecture-contract"",""basis"":""Source domain specification role; no implementation claim.""}}"
M2P-ELEMENTAL-MEDIUM,capability,,,,[],Resolve tattva/element/chakra/media response with provenance,Resolve an M2′ elemental/tattvic/chakral medium as a provenance-bearing correspondence under the active lens and temporal conditions.,Resolve tattva/element/chakra/media response with provenance,unresolved,architecture-contract,epi-m-capability-field-m2.json;epi-capability-readiness.json,,,EPI-M-CAPABILITY-FIELD.md,,,"{""capability"":{""capability_ref"":""M2P-ELEMENTAL-MEDIUM"",""m"":""M2"",""for_what"":""Resolve tattva/element/chakra/media response with provenance"",""m_prime_operation"":""Resolve an M2′ elemental/tattvic/chakral medium as a provenance-bearing correspondence under the active lens and temporal conditions."",""s_prime"":[""S1′ Hen"",""S2′ Pleroma"",""S3′ Chronos""],""native_owners"":[""QL-MEF"",""AIKit""],""evidence_refs"":[""QLMEF_CURRENT_KERNEL""],""m_standing"":""CURRENT-DOMAIN-SPEC"",""epi_composition_standing"":""DERIVED-CURRENT-ARCHITECTURE"",""epii_on_x_ref"":""EPII_ON_M2_PARASAKTI"",""return_profile"":""M2""},""domain"":{""schema_version"":""epi-m-capability-domain/0.2"",""status"":""active-research-matrix"",""date"":""2026-09-03"",""m"":""M2"",""m_name"":""Paraśakti"",""m_prime"":""M2′ correspondential / cymatic instrument"",""epii_on_x"":{""ref"":""EPII_ON_M2_PARASAKTI"",""name"":""Epii-on-Paraśakti"",""source"":""m5-prime-epii-on-parashakti-graph-relational-ml.md"",""blob"":""530c3a15dd27945545328a9d015f18ea038265f9"",""standing"":""CURRENT-DOMAIN-SPEC / RESEARCH-PROPOSITION"",""developmental_law"":""Graph-relational ML over derived representation geometry; embeddings remain rebuildable and non-canonical.""},""return"":{""target_ground"":""Paraśakti canonical correspondential source"",""recognition_owner"":""QL-MEF/Epi correspondential source authority; learned geometry and fitness evidence remain derived until recognised"",""proposal_is_not_promotion"":true}},""readiness"":{""ref"":""M2P-ELEMENTAL-MEDIUM"",""readiness"":""EPI-GAP""},""evidence"":{""QLMEF_CURRENT_KERNEL"":{""standing"":""CURRENT-DEVELOPMENT"",""owner"":""QL-MEF"",""revision"":""590ea5464e0b422beaddea2669039e3d8c7fcb5c"",""source"":""QL-MEF current main plus current subsystem matrix/kernel carriers"",""relation"":""Current QL/MEF/Vāk/kernel owner supplies formal relations and domain instrument substrate; each capability-specific implementation/observed-result claim still requires exact native proof when promoted.""}},""standing_mapping"":{""source"":""CURRENT-DOMAIN-SPEC"",""canonical"":""architecture-contract"",""basis"":""Source domain specification role; no implementation claim.""}}"
M2P-DECANIC-FACE,capability,,,,[],Resolve decan/zodiac/planet/body-zone light-shadow face,Expose an M2′ decanic/planetary face as a time-qualified reading whose light/shadow relation remains attributable and revisable.,Resolve decan/zodiac/planet/body-zone light-shadow face,unresolved,architecture-contract,epi-m-capability-field-m2.json;epi-capability-readiness.json,,,EPI-M-CAPABILITY-FIELD.md,,,"{""capability"":{""capability_ref"":""M2P-DECANIC-FACE"",""m"":""M2"",""for_what"":""Resolve decan/zodiac/planet/body-zone light-shadow face"",""m_prime_operation"":""Expose an M2′ decanic/planetary face as a time-qualified reading whose light/shadow relation remains attributable and revisable."",""s_prime"":[""S1′ Hen"",""S3′ Chronos"",""S5′ Aletheia""],""native_owners"":[""QL-MEF"",""AIKit""],""evidence_refs"":[""QLMEF_CURRENT_KERNEL""],""m_standing"":""CURRENT-DOMAIN-SPEC"",""epi_composition_standing"":""DERIVED-CURRENT-ARCHITECTURE"",""epii_on_x_ref"":""EPII_ON_M2_PARASAKTI"",""return_profile"":""M2""},""domain"":{""schema_version"":""epi-m-capability-domain/0.2"",""status"":""active-research-matrix"",""date"":""2026-09-03"",""m"":""M2"",""m_name"":""Paraśakti"",""m_prime"":""M2′ correspondential / cymatic instrument"",""epii_on_x"":{""ref"":""EPII_ON_M2_PARASAKTI"",""name"":""Epii-on-Paraśakti"",""source"":""m5-prime-epii-on-parashakti-graph-relational-ml.md"",""blob"":""530c3a15dd27945545328a9d015f18ea038265f9"",""standing"":""CURRENT-DOMAIN-SPEC / RESEARCH-PROPOSITION"",""developmental_law"":""Graph-relational ML over derived representation geometry; embeddings remain rebuildable and non-canonical.""},""return"":{""target_ground"":""Paraśakti canonical correspondential source"",""recognition_owner"":""QL-MEF/Epi correspondential source authority; learned geometry and fitness evidence remain derived until recognised"",""proposal_is_not_promotion"":true}},""readiness"":{""ref"":""M2P-DECANIC-FACE"",""readiness"":""EPI-GAP""},""evidence"":{""QLMEF_CURRENT_KERNEL"":{""standing"":""CURRENT-DEVELOPMENT"",""owner"":""QL-MEF"",""revision"":""590ea5464e0b422beaddea2669039e3d8c7fcb5c"",""source"":""QL-MEF current main plus current subsystem matrix/kernel carriers"",""relation"":""Current QL/MEF/Vāk/kernel owner supplies formal relations and domain instrument substrate; each capability-specific implementation/observed-result claim still requires exact native proof when promoted.""}},""standing_mapping"":{""source"":""CURRENT-DOMAIN-SPEC"",""canonical"":""architecture-contract"",""basis"":""Source domain specification role; no implementation claim.""}}"
M2P-SONIC-ARENA,capability,,,,[],Make sacred-sonic/maqam/mantra/planetary systems playable,"Compose M2′ sonic/correspondential systems into a playable arena under current Agency, instrument and material conditions.",Make sacred-sonic/maqam/mantra/planetary systems playable,unresolved,architecture-contract,epi-m-capability-field-m2.json;epi-capability-readiness.json,,,EPI-M-CAPABILITY-FIELD.md,,,"{""capability"":{""capability_ref"":""M2P-SONIC-ARENA"",""m"":""M2"",""for_what"":""Make sacred-sonic/maqam/mantra/planetary systems playable"",""m_prime_operation"":""Compose M2′ sonic/correspondential systems into a playable arena under current Agency, instrument and material conditions."",""s_prime"":[""S2′ Pleroma"",""S4′ Anima"",""S3′ Chronos""],""native_owners"":[""AIKit"",""QL-MEF"",""Workcell""],""evidence_refs"":[""QLMEF_CURRENT_KERNEL"",""WORKCELL_MATERIAL_BODY""],""m_standing"":""CURRENT-DOMAIN-SPEC"",""epi_composition_standing"":""DERIVED-CURRENT-ARCHITECTURE"",""epii_on_x_ref"":""EPII_ON_M2_PARASAKTI"",""return_profile"":""M2""},""domain"":{""schema_version"":""epi-m-capability-domain/0.2"",""status"":""active-research-matrix"",""date"":""2026-09-03"",""m"":""M2"",""m_name"":""Paraśakti"",""m_prime"":""M2′ correspondential / cymatic instrument"",""epii_on_x"":{""ref"":""EPII_ON_M2_PARASAKTI"",""name"":""Epii-on-Paraśakti"",""source"":""m5-prime-epii-on-parashakti-graph-relational-ml.md"",""blob"":""530c3a15dd27945545328a9d015f18ea038265f9"",""standing"":""CURRENT-DOMAIN-SPEC / RESEARCH-PROPOSITION"",""developmental_law"":""Graph-relational ML over derived representation geometry; embeddings remain rebuildable and non-canonical.""},""return"":{""target_ground"":""Paraśakti canonical correspondential source"",""recognition_owner"":""QL-MEF/Epi correspondential source authority; learned geometry and fitness evidence remain derived until recognised"",""proposal_is_not_promotion"":true}},""readiness"":{""ref"":""M2P-SONIC-ARENA"",""readiness"":""EPI-GAP""},""evidence"":{""QLMEF_CURRENT_KERNEL"":{""standing"":""CURRENT-DEVELOPMENT"",""owner"":""QL-MEF"",""revision"":""590ea5464e0b422beaddea2669039e3d8c7fcb5c"",""source"":""QL-MEF current main plus current subsystem matrix/kernel carriers"",""relation"":""Current QL/MEF/Vāk/kernel owner supplies formal relations and domain instrument substrate; each capability-specific implementation/observed-result claim still requires exact native proof when promoted.""},""WORKCELL_MATERIAL_BODY"":{""standing"":""IMPLEMENTATION-FACT"",""owner"":""Workcell"",""revision"":""25792dc3aa8e4c54088c0696cee00f8efefe03ad"",""source"":""Workcell current main"",""relation"":""Workcell owns material provider/body/process/service conditions; material identity remains distinct from Agent, capability and Epi semantic identity.""}},""standing_mapping"":{""source"":""CURRENT-DOMAIN-SPEC"",""canonical"":""architecture-contract"",""basis"":""Source domain specification role; no implementation claim.""}}"
M2P-DET-GATE,capability,,,,[],Project 72-space evidence into M3-ready 64-address evidence,Perform and inspect the M2′→M3 transduction as an attributable derived projection whose evidence can be reviewed before downstream use.,Project 72-space evidence into M3-ready 64-address evidence,unresolved,architecture-contract,epi-m-capability-field-m2.json;epi-capability-readiness.json,,,EPI-M-CAPABILITY-FIELD.md,,,"{""capability"":{""capability_ref"":""M2P-DET-GATE"",""m"":""M2"",""for_what"":""Project 72-space evidence into M3-ready 64-address evidence"",""m_prime_operation"":""Perform and inspect the M2′→M3 transduction as an attributable derived projection whose evidence can be reviewed before downstream use."",""s_prime"":[""S2′ Pleroma"",""S4′ Anima"",""S5′ Aletheia""],""native_owners"":[""QL-MEF"",""AIKit"",""Factory""],""evidence_refs"":[""QLMEF_CURRENT_KERNEL"",""FACTORY_JOURNEY_176""],""m_standing"":""CURRENT-DOMAIN-SPEC"",""epi_composition_standing"":""DERIVED-CURRENT-ARCHITECTURE"",""epii_on_x_ref"":""EPII_ON_M2_PARASAKTI"",""return_profile"":""M2""},""domain"":{""schema_version"":""epi-m-capability-domain/0.2"",""status"":""active-research-matrix"",""date"":""2026-09-03"",""m"":""M2"",""m_name"":""Paraśakti"",""m_prime"":""M2′ correspondential / cymatic instrument"",""epii_on_x"":{""ref"":""EPII_ON_M2_PARASAKTI"",""name"":""Epii-on-Paraśakti"",""source"":""m5-prime-epii-on-parashakti-graph-relational-ml.md"",""blob"":""530c3a15dd27945545328a9d015f18ea038265f9"",""standing"":""CURRENT-DOMAIN-SPEC / RESEARCH-PROPOSITION"",""developmental_law"":""Graph-relational ML over derived representation geometry; embeddings remain rebuildable and non-canonical.""},""return"":{""target_ground"":""Paraśakti canonical correspondential source"",""recognition_owner"":""QL-MEF/Epi correspondential source authority; learned geometry and fitness evidence remain derived until recognised"",""proposal_is_not_promotion"":true}},""readiness"":{""ref"":""M2P-DET-GATE"",""readiness"":""EPI-GAP""},""evidence"":{""QLMEF_CURRENT_KERNEL"":{""standing"":""CURRENT-DEVELOPMENT"",""owner"":""QL-MEF"",""revision"":""590ea5464e0b422beaddea2669039e3d8c7fcb5c"",""source"":""QL-MEF current main plus current subsystem matrix/kernel carriers"",""relation"":""Current QL/MEF/Vāk/kernel owner supplies formal relations and domain instrument substrate; each capability-specific implementation/observed-result claim still requires exact native proof when promoted.""},""FACTORY_JOURNEY_176"":{""standing"":""IMPLEMENTATION-FACT"",""owner"":""Software Factory"",""revision"":""current main at 7e8fadea5156d75eb872f55f4fd4938d47fb0648"",""source"":""EpiLogos/agent-system-design#176 (closed completed)"",""relation"":""Commission/Journey/Run carries developmental continuity and evidence while Actuation owns Agency/authority/Return, AIKit operative body/context and Workcell material placement.""}},""standing_mapping"":{""source"":""CURRENT-DOMAIN-SPEC"",""canonical"":""architecture-contract"",""basis"":""Source domain specification role; no implementation claim.""}}"
M3P-CLOCK,capability,,,,[],Render shared harmonic clock without a private renderer clock,Read the M3′ clock from shared harmonic/world state so all consumers share one phase referent rather than minting local clocks.,Render shared harmonic clock without a private renderer clock,unresolved,architecture-contract,epi-m-capability-field-m3.json;epi-capability-readiness.json,,,EPI-M-CAPABILITY-FIELD.md,,,"{""capability"":{""capability_ref"":""M3P-CLOCK"",""m"":""M3"",""for_what"":""Render shared harmonic clock without a private renderer clock"",""m_prime_operation"":""Read the M3′ clock from shared harmonic/world state so all consumers share one phase referent rather than minting local clocks."",""s_prime"":[""S3′ Chronos"",""S2′ Pleroma"",""S0′ Khora""],""native_owners"":[""QL-MEF"",""AIKit"",""O:I SharedField""],""evidence_refs"":[""OI_SHAREDFIELD_SPACETIMEDB"",""QLMEF_CURRENT_KERNEL""],""m_standing"":""CURRENT-DOMAIN-SPEC"",""epi_composition_standing"":""DERIVED-CURRENT-ARCHITECTURE"",""epii_on_x_ref"":""EPII_ON_M3_MAHAMAYA"",""return_profile"":""M3""},""domain"":{""schema_version"":""epi-m-capability-domain/0.2"",""status"":""active-research-matrix"",""date"":""2026-09-03"",""m"":""M3"",""m_name"":""Mahāmāyā"",""m_prime"":""M3′ world-clock / symbolic transcription instrument"",""epii_on_x"":{""ref"":""EPII_ON_M3_MAHAMAYA"",""name"":""Epii-on-Mahāmāyā"",""source"":""m5-prime-epii-on-mahamaya-process-reward-rl.md"",""blob"":""7c868244f5776fb091b9b8625d484d33a4bd1b17"",""standing"":""CURRENT-DOMAIN-SPEC / RESEARCH-PROPOSITION"",""developmental_law"":""Canonical symbolic/calculation substrate remains constructed; calculation pathways may learn through process-reward RL, federated and symbolic/genetic work.""},""return"":{""target_ground"":""Mahāmāyā canonical symbolic/calculation substrate"",""recognition_owner"":""QL-MEF/Epi symbolic source authority; learned pathways/programs remain candidates until governed Recognition"",""proposal_is_not_promotion"":true}},""readiness"":{""ref"":""M3P-CLOCK"",""readiness"":""EPI-GAP""},""evidence"":{""OI_SHAREDFIELD_SPACETIMEDB"":{""standing"":""IMPLEMENTATION-FACT + OBSERVED-RESULT"",""owner"":""O:I SharedField"",""revision"":""current O:I main 18fd59838c63b0a2caff23e249eff24a8a0f6fc0; hosted Explore lineage"",""source"":""O:I SharedField/SpaceTimeDB application line; source-trace/W11 lineage"",""relation"":""Live hosted SharedField application substrate supplies common state/readings across human/desktop/Agent surfaces; hosted IDs/state do not own Epi semantic identity.""},""QLMEF_CURRENT_KERNEL"":{""standing"":""CURRENT-DEVELOPMENT"",""owner"":""QL-MEF"",""revision"":""590ea5464e0b422beaddea2669039e3d8c7fcb5c"",""source"":""QL-MEF current main plus current subsystem matrix/kernel carriers"",""relation"":""Current QL/MEF/Vāk/kernel owner supplies formal relations and domain instrument substrate; each capability-specific implementation/observed-result claim still requires exact native proof when promoted.""}},""standing_mapping"":{""source"":""CURRENT-DOMAIN-SPEC"",""canonical"":""architecture-contract"",""basis"":""Source domain specification role; no implementation claim.""}}"
M3P-TRANSDUCTION,capability,,,,[],Display M2 72-to-DET-to-64 reception provenance,Inspect M3′ symbolic reception with the exact M2/DET basis and distinguish canonical codec facts from derived transduction evidence.,Display M2 72-to-DET-to-64 reception provenance,unresolved,architecture-contract,epi-m-capability-field-m3.json;epi-capability-readiness.json,,,EPI-M-CAPABILITY-FIELD.md,,,"{""capability"":{""capability_ref"":""M3P-TRANSDUCTION"",""m"":""M3"",""for_what"":""Display M2 72-to-DET-to-64 reception provenance"",""m_prime_operation"":""Inspect M3′ symbolic reception with the exact M2/DET basis and distinguish canonical codec facts from derived transduction evidence."",""s_prime"":[""S1′ Hen"",""S2′ Pleroma"",""S5′ Aletheia""],""native_owners"":[""QL-MEF"",""AIKit""],""evidence_refs"":[""QLMEF_CURRENT_KERNEL""],""m_standing"":""CURRENT-DOMAIN-SPEC"",""epi_composition_standing"":""DERIVED-CURRENT-ARCHITECTURE"",""epii_on_x_ref"":""EPII_ON_M3_MAHAMAYA"",""return_profile"":""M3""},""domain"":{""schema_version"":""epi-m-capability-domain/0.2"",""status"":""active-research-matrix"",""date"":""2026-09-03"",""m"":""M3"",""m_name"":""Mahāmāyā"",""m_prime"":""M3′ world-clock / symbolic transcription instrument"",""epii_on_x"":{""ref"":""EPII_ON_M3_MAHAMAYA"",""name"":""Epii-on-Mahāmāyā"",""source"":""m5-prime-epii-on-mahamaya-process-reward-rl.md"",""blob"":""7c868244f5776fb091b9b8625d484d33a4bd1b17"",""standing"":""CURRENT-DOMAIN-SPEC / RESEARCH-PROPOSITION"",""developmental_law"":""Canonical symbolic/calculation substrate remains constructed; calculation pathways may learn through process-reward RL, federated and symbolic/genetic work.""},""return"":{""target_ground"":""Mahāmāyā canonical symbolic/calculation substrate"",""recognition_owner"":""QL-MEF/Epi symbolic source authority; learned pathways/programs remain candidates until governed Recognition"",""proposal_is_not_promotion"":true}},""readiness"":{""ref"":""M3P-TRANSDUCTION"",""readiness"":""EPI-GAP""},""evidence"":{""QLMEF_CURRENT_KERNEL"":{""standing"":""CURRENT-DEVELOPMENT"",""owner"":""QL-MEF"",""revision"":""590ea5464e0b422beaddea2669039e3d8c7fcb5c"",""source"":""QL-MEF current main plus current subsystem matrix/kernel carriers"",""relation"":""Current QL/MEF/Vāk/kernel owner supplies formal relations and domain instrument substrate; each capability-specific implementation/observed-result claim still requires exact native proof when promoted.""}},""standing_mapping"":{""source"":""CURRENT-DOMAIN-SPEC"",""canonical"":""architecture-contract"",""basis"":""Source domain specification role; no implementation claim.""}}"
M3P-SYMBOLIC-CODEC,capability,,,,[],Render canonical codon/I-Ching/Tarot/line-change/amino-acid facts,Operate the M3′ symbolic codec as a source-addressed transcription instrument under an active Context Frame without collapsing symbolic reading into canon mutation.,Render canonical codon/I-Ching/Tarot/line-change/amino-acid facts,unresolved,architecture-contract,epi-m-capability-field-m3.json;epi-capability-readiness.json,,,EPI-M-CAPABILITY-FIELD.md,,,"{""capability"":{""capability_ref"":""M3P-SYMBOLIC-CODEC"",""m"":""M3"",""for_what"":""Render canonical codon/I-Ching/Tarot/line-change/amino-acid facts"",""m_prime_operation"":""Operate the M3′ symbolic codec as a source-addressed transcription instrument under an active Context Frame without collapsing symbolic reading into canon mutation."",""s_prime"":[""S1′ Hen"",""S2′ Pleroma"",""S4′ Anima""],""native_owners"":[""QL-MEF"",""AIKit""],""evidence_refs"":[""QLMEF_CURRENT_KERNEL""],""m_standing"":""CURRENT-DOMAIN-SPEC"",""epi_composition_standing"":""DERIVED-CURRENT-ARCHITECTURE"",""epii_on_x_ref"":""EPII_ON_M3_MAHAMAYA"",""return_profile"":""M3""},""domain"":{""schema_version"":""epi-m-capability-domain/0.2"",""status"":""active-research-matrix"",""date"":""2026-09-03"",""m"":""M3"",""m_name"":""Mahāmāyā"",""m_prime"":""M3′ world-clock / symbolic transcription instrument"",""epii_on_x"":{""ref"":""EPII_ON_M3_MAHAMAYA"",""name"":""Epii-on-Mahāmāyā"",""source"":""m5-prime-epii-on-mahamaya-process-reward-rl.md"",""blob"":""7c868244f5776fb091b9b8625d484d33a4bd1b17"",""standing"":""CURRENT-DOMAIN-SPEC / RESEARCH-PROPOSITION"",""developmental_law"":""Canonical symbolic/calculation substrate remains constructed; calculation pathways may learn through process-reward RL, federated and symbolic/genetic work.""},""return"":{""target_ground"":""Mahāmāyā canonical symbolic/calculation substrate"",""recognition_owner"":""QL-MEF/Epi symbolic source authority; learned pathways/programs remain candidates until governed Recognition"",""proposal_is_not_promotion"":true}},""readiness"":{""ref"":""M3P-SYMBOLIC-CODEC"",""readiness"":""EPI-GAP""},""evidence"":{""QLMEF_CURRENT_KERNEL"":{""standing"":""CURRENT-DEVELOPMENT"",""owner"":""QL-MEF"",""revision"":""590ea5464e0b422beaddea2669039e3d8c7fcb5c"",""source"":""QL-MEF current main plus current subsystem matrix/kernel carriers"",""relation"":""Current QL/MEF/Vāk/kernel owner supplies formal relations and domain instrument substrate; each capability-specific implementation/observed-result claim still requires exact native proof when promoted.""}},""standing_mapping"":{""source"":""CURRENT-DOMAIN-SPEC"",""canonical"":""architecture-contract"",""basis"":""Source domain specification role; no implementation claim.""}}"
M3P-ROTATION,capability,,,,[],Project 84 lens/mode states into 472 codon/rotation landscape,Traverse the M3′ rotational landscape as a time/phase-qualified mapping from lens-mode state to symbolic rotation with replayable provenance.,Project 84 lens/mode states into 472 codon/rotation landscape,unresolved,architecture-contract,epi-m-capability-field-m3.json;epi-capability-readiness.json,,,EPI-M-CAPABILITY-FIELD.md,,,"{""capability"":{""capability_ref"":""M3P-ROTATION"",""m"":""M3"",""for_what"":""Project 84 lens/mode states into 472 codon/rotation landscape"",""m_prime_operation"":""Traverse the M3′ rotational landscape as a time/phase-qualified mapping from lens-mode state to symbolic rotation with replayable provenance."",""s_prime"":[""S2′ Pleroma"",""S3′ Chronos"",""S4′ Anima""],""native_owners"":[""QL-MEF"",""AIKit""],""evidence_refs"":[""QLMEF_CURRENT_KERNEL""],""m_standing"":""CURRENT-DOMAIN-SPEC"",""epi_composition_standing"":""DERIVED-CURRENT-ARCHITECTURE"",""epii_on_x_ref"":""EPII_ON_M3_MAHAMAYA"",""return_profile"":""M3""},""domain"":{""schema_version"":""epi-m-capability-domain/0.2"",""status"":""active-research-matrix"",""date"":""2026-09-03"",""m"":""M3"",""m_name"":""Mahāmāyā"",""m_prime"":""M3′ world-clock / symbolic transcription instrument"",""epii_on_x"":{""ref"":""EPII_ON_M3_MAHAMAYA"",""name"":""Epii-on-Mahāmāyā"",""source"":""m5-prime-epii-on-mahamaya-process-reward-rl.md"",""blob"":""7c868244f5776fb091b9b8625d484d33a4bd1b17"",""standing"":""CURRENT-DOMAIN-SPEC / RESEARCH-PROPOSITION"",""developmental_law"":""Canonical symbolic/calculation substrate remains constructed; calculation pathways may learn through process-reward RL, federated and symbolic/genetic work.""},""return"":{""target_ground"":""Mahāmāyā canonical symbolic/calculation substrate"",""recognition_owner"":""QL-MEF/Epi symbolic source authority; learned pathways/programs remain candidates until governed Recognition"",""proposal_is_not_promotion"":true}},""readiness"":{""ref"":""M3P-ROTATION"",""readiness"":""EPI-GAP""},""evidence"":{""QLMEF_CURRENT_KERNEL"":{""standing"":""CURRENT-DEVELOPMENT"",""owner"":""QL-MEF"",""revision"":""590ea5464e0b422beaddea2669039e3d8c7fcb5c"",""source"":""QL-MEF current main plus current subsystem matrix/kernel carriers"",""relation"":""Current QL/MEF/Vāk/kernel owner supplies formal relations and domain instrument substrate; each capability-specific implementation/observed-result claim still requires exact native proof when promoted.""}},""standing_mapping"":{""source"":""CURRENT-DOMAIN-SPEC"",""canonical"":""architecture-contract"",""basis"":""Source domain specification role; no implementation claim.""}}"
M3P-MEASUREMENT-INSPECTOR,capability,,,,[],Expose disciplined symbolic/physics coupling-flow explanation/provenance,"Inspect M3′ coupling/measurement claims with explicit source, derivation and standing so symbolic and physical registers remain distinguishable.",Expose disciplined symbolic/physics coupling-flow explanation/provenance,unresolved,architecture-contract,epi-m-capability-field-m3.json;epi-capability-readiness.json,,,EPI-M-CAPABILITY-FIELD.md,,,"{""capability"":{""capability_ref"":""M3P-MEASUREMENT-INSPECTOR"",""m"":""M3"",""for_what"":""Expose disciplined symbolic/physics coupling-flow explanation/provenance"",""m_prime_operation"":""Inspect M3′ coupling/measurement claims with explicit source, derivation and standing so symbolic and physical registers remain distinguishable."",""s_prime"":[""S1′ Hen"",""S2′ Pleroma"",""S5′ Aletheia""],""native_owners"":[""QL-MEF"",""AIKit""],""evidence_refs"":[""AIKIT_SEMANTIC_WIKI_158"",""QLMEF_CURRENT_KERNEL""],""m_standing"":""CURRENT-DOMAIN-SPEC"",""epi_composition_standing"":""DERIVED-CURRENT-ARCHITECTURE"",""epii_on_x_ref"":""EPII_ON_M3_MAHAMAYA"",""return_profile"":""M3""},""domain"":{""schema_version"":""epi-m-capability-domain/0.2"",""status"":""active-research-matrix"",""date"":""2026-09-03"",""m"":""M3"",""m_name"":""Mahāmāyā"",""m_prime"":""M3′ world-clock / symbolic transcription instrument"",""epii_on_x"":{""ref"":""EPII_ON_M3_MAHAMAYA"",""name"":""Epii-on-Mahāmāyā"",""source"":""m5-prime-epii-on-mahamaya-process-reward-rl.md"",""blob"":""7c868244f5776fb091b9b8625d484d33a4bd1b17"",""standing"":""CURRENT-DOMAIN-SPEC / RESEARCH-PROPOSITION"",""developmental_law"":""Canonical symbolic/calculation substrate remains constructed; calculation pathways may learn through process-reward RL, federated and symbolic/genetic work.""},""return"":{""target_ground"":""Mahāmāyā canonical symbolic/calculation substrate"",""recognition_owner"":""QL-MEF/Epi symbolic source authority; learned pathways/programs remain candidates until governed Recognition"",""proposal_is_not_promotion"":true}},""readiness"":{""ref"":""M3P-MEASUREMENT-INSPECTOR"",""readiness"":""EPI-GAP""},""evidence"":{""AIKIT_SEMANTIC_WIKI_158"":{""standing"":""IMPLEMENTATION-FACT"",""owner"":""AIKit"",""revision"":""current main at 00afe1b91f00f3881cac56459fa1cff8e7ba7183"",""source"":""EpiLogos/ai-kit#158 (closed completed)"",""relation"":""SemanticWiki/Living Knowledge/Contemplate operates canonical QL-shaped knowledge with provenance, bounded deterministic preflight, generated WikiReadings and Return; no automatic model invocation or canon promotion.""},""QLMEF_CURRENT_KERNEL"":{""standing"":""CURRENT-DEVELOPMENT"",""owner"":""QL-MEF"",""revision"":""590ea5464e0b422beaddea2669039e3d8c7fcb5c"",""source"":""QL-MEF current main plus current subsystem matrix/kernel carriers"",""relation"":""Current QL/MEF/Vāk/kernel owner supplies formal relations and domain instrument substrate; each capability-specific implementation/observed-result claim still requires exact native proof when promoted.""}},""standing_mapping"":{""source"":""CURRENT-DOMAIN-SPEC"",""canonical"":""architecture-contract"",""basis"":""Source domain specification role; no implementation claim.""}}"
M3P-WORLD-CLOCK,capability,,,,[],Provide one Earth-relative shared clock/cosmos state for human and Agent surfaces,Expose M3′ as one shared Earth-relative clock/cosmos state qualified by harmonic and Kerykeion data and consumable by human and Agent surfaces.,Provide one Earth-relative shared clock/cosmos state for human and Agent surfaces,unresolved,architecture-contract,epi-m-capability-field-m3.json;epi-capability-readiness.json,,,EPI-M-CAPABILITY-FIELD.md,,,"{""capability"":{""capability_ref"":""M3P-WORLD-CLOCK"",""m"":""M3"",""for_what"":""Provide one Earth-relative shared clock/cosmos state for human and Agent surfaces"",""m_prime_operation"":""Expose M3′ as one shared Earth-relative clock/cosmos state qualified by harmonic and Kerykeion data and consumable by human and Agent surfaces."",""s_prime"":[""S3′ Chronos"",""S0′ Khora"",""S2′ Pleroma"",""S4′ Anima""],""native_owners"":[""O:I SharedField"",""AIKit"",""QL-MEF"",""Workcell""],""evidence_refs"":[""OI_SHAREDFIELD_SPACETIMEDB"",""AIKIT_CENTRAL_TEMPORAL_176"",""QLMEF_CURRENT_KERNEL""],""m_standing"":""CURRENT-DOMAIN-SPEC"",""epi_composition_standing"":""DERIVED-CURRENT-ARCHITECTURE"",""epii_on_x_ref"":""EPII_ON_M3_MAHAMAYA"",""return_profile"":""M3""},""domain"":{""schema_version"":""epi-m-capability-domain/0.2"",""status"":""active-research-matrix"",""date"":""2026-09-03"",""m"":""M3"",""m_name"":""Mahāmāyā"",""m_prime"":""M3′ world-clock / symbolic transcription instrument"",""epii_on_x"":{""ref"":""EPII_ON_M3_MAHAMAYA"",""name"":""Epii-on-Mahāmāyā"",""source"":""m5-prime-epii-on-mahamaya-process-reward-rl.md"",""blob"":""7c868244f5776fb091b9b8625d484d33a4bd1b17"",""standing"":""CURRENT-DOMAIN-SPEC / RESEARCH-PROPOSITION"",""developmental_law"":""Canonical symbolic/calculation substrate remains constructed; calculation pathways may learn through process-reward RL, federated and symbolic/genetic work.""},""return"":{""target_ground"":""Mahāmāyā canonical symbolic/calculation substrate"",""recognition_owner"":""QL-MEF/Epi symbolic source authority; learned pathways/programs remain candidates until governed Recognition"",""proposal_is_not_promotion"":true}},""readiness"":{""ref"":""M3P-WORLD-CLOCK"",""readiness"":""READY-TO-COMPOSE"",""proof"":""P2""},""evidence"":{""OI_SHAREDFIELD_SPACETIMEDB"":{""standing"":""IMPLEMENTATION-FACT + OBSERVED-RESULT"",""owner"":""O:I SharedField"",""revision"":""current O:I main 18fd59838c63b0a2caff23e249eff24a8a0f6fc0; hosted Explore lineage"",""source"":""O:I SharedField/SpaceTimeDB application line; source-trace/W11 lineage"",""relation"":""Live hosted SharedField application substrate supplies common state/readings across human/desktop/Agent surfaces; hosted IDs/state do not own Epi semantic identity.""},""AIKIT_CENTRAL_TEMPORAL_176"":{""standing"":""IMPLEMENTATION-FACT"",""owner"":""AIKit"",""revision"":""00afe1b91f00f3881cac56459fa1cff8e7ba7183"",""source"":""EpiLogos/ai-kit#176"",""relation"":""AIKit consumes Central-owned NOW/DAY/Flow through registered owner Actions on causal lifecycle events; orientation does not grant authority, activate capabilities or invoke a model.""},""QLMEF_CURRENT_KERNEL"":{""standing"":""CURRENT-DEVELOPMENT"",""owner"":""QL-MEF"",""revision"":""590ea5464e0b422beaddea2669039e3d8c7fcb5c"",""source"":""QL-MEF current main plus current subsystem matrix/kernel carriers"",""relation"":""Current QL/MEF/Vāk/kernel owner supplies formal relations and domain instrument substrate; each capability-specific implementation/observed-result claim still requires exact native proof when promoted.""}},""standing_mapping"":{""source"":""CURRENT-DOMAIN-SPEC"",""canonical"":""architecture-contract"",""basis"":""Source domain specification role; no implementation claim.""}}"
M4P-IDENTITY,capability,,,,[],Protected personal identity and personal quaternion/resonance state,Hold M4′ personal identity/resonance as protected owner-grounded state that can condition Agency without becoming model identity or public SharedField state.,Protected personal identity and personal quaternion/resonance state,unresolved,architecture-contract,epi-m-capability-field-m4.json;epi-capability-readiness.json,,,EPI-M-CAPABILITY-FIELD.md,,,"{""capability"":{""capability_ref"":""M4P-IDENTITY"",""m"":""M4"",""for_what"":""Protected personal identity and personal quaternion/resonance state"",""m_prime_operation"":""Hold M4′ personal identity/resonance as protected owner-grounded state that can condition Agency without becoming model identity or public SharedField state."",""s_prime"":[""S0′ Khora"",""S1′ Hen"",""S4′ Anima"",""S5′ Aletheia""],""native_owners"":[""Central"",""AIKit"",""Actuation"",""QL-MEF""],""evidence_refs"":[""AIKIT_CENTRAL_TEMPORAL_176"",""OI_WORLD_RECOGNITION_185""],""m_standing"":""CURRENT-DOMAIN-SPEC"",""epi_composition_standing"":""DERIVED-CURRENT-ARCHITECTURE"",""epii_on_x_ref"":""EPII_ON_M4_NARA"",""return_profile"":""M4""},""domain"":{""schema_version"":""epi-m-capability-domain/0.2"",""status"":""active-research-matrix"",""date"":""2026-09-03"",""m"":""M4"",""m_name"":""Nara"",""m_prime"":""M4′ protected personal / lived instrument"",""epii_on_x"":{""ref"":""EPII_ON_M4_NARA"",""name"":""Epii-on-Nara"",""source"":""m5-prime-epii-on-nara-qlora-dialogic-voice.md"",""blob"":""c32a73264adaeaebe78c3e9d2e49cfc76694e4ad"",""standing"":""CURRENT-DOMAIN-SPEC / RESEARCH-PROPOSITION"",""developmental_law"":""Anima-led narrow QLoRA voice tuning with optional DPO; slow and consent-gated; identity/substrate remain outside tuning.""},""return"":{""target_ground"":""Nara/Central protected personal ground"",""recognition_owner"":""human/Central/Nara protected source authority under explicit consent and privacy"",""proposal_is_not_promotion"":true}},""readiness"":{""ref"":""M4P-IDENTITY"",""readiness"":""READY-TO-COMPOSE"",""proof"":""P2""},""evidence"":{""AIKIT_CENTRAL_TEMPORAL_176"":{""standing"":""IMPLEMENTATION-FACT"",""owner"":""AIKit"",""revision"":""00afe1b91f00f3881cac56459fa1cff8e7ba7183"",""source"":""EpiLogos/ai-kit#176"",""relation"":""AIKit consumes Central-owned NOW/DAY/Flow through registered owner Actions on causal lifecycle events; orientation does not grant authority, activate capabilities or invoke a model.""},""OI_WORLD_RECOGNITION_185"":{""standing"":""IMPLEMENTATION-FACT"",""owner"":""O:I"",""revision"":""18fd59838c63b0a2caff23e249eff24a8a0f6fc0"",""source"":""EpiLogos/O-I#185"",""relation"":""Adapter-driven World recognition discovers existing technologies, relations and owner bindings and routes missing integration to native owners without semantic takeover.""}},""standing_mapping"":{""source"":""CURRENT-DOMAIN-SPEC"",""canonical"":""architecture-contract"",""basis"":""Source domain specification role; no implementation claim.""}}"
M4P-DAY-EPISODE,capability,,,,[],Canonical DAY container with NOW-stamped lived artifacts,"Inhabit M4′ DAY/NOW as protected lived continuity, situated against shared world time and readable through owner-authorised temporal ground.",Canonical DAY container with NOW-stamped lived artifacts,unresolved,architecture-contract,epi-m-capability-field-m4.json;epi-capability-readiness.json,,,EPI-M-CAPABILITY-FIELD.md,,,"{""capability"":{""capability_ref"":""M4P-DAY-EPISODE"",""m"":""M4"",""for_what"":""Canonical DAY container with NOW-stamped lived artifacts"",""m_prime_operation"":""Inhabit M4′ DAY/NOW as protected lived continuity, situated against shared world time and readable through owner-authorised temporal ground."",""s_prime"":[""S0′ Khora"",""S1′ Hen"",""S3′ Chronos"",""S5′ Aletheia""],""native_owners"":[""Central"",""AIKit"",""QL-MEF""],""evidence_refs"":[""AIKIT_CENTRAL_TEMPORAL_176""],""m_standing"":""CURRENT-DOMAIN-SPEC"",""epi_composition_standing"":""DERIVED-CURRENT-ARCHITECTURE"",""epii_on_x_ref"":""EPII_ON_M4_NARA"",""return_profile"":""M4""},""domain"":{""schema_version"":""epi-m-capability-domain/0.2"",""status"":""active-research-matrix"",""date"":""2026-09-03"",""m"":""M4"",""m_name"":""Nara"",""m_prime"":""M4′ protected personal / lived instrument"",""epii_on_x"":{""ref"":""EPII_ON_M4_NARA"",""name"":""Epii-on-Nara"",""source"":""m5-prime-epii-on-nara-qlora-dialogic-voice.md"",""blob"":""c32a73264adaeaebe78c3e9d2e49cfc76694e4ad"",""standing"":""CURRENT-DOMAIN-SPEC / RESEARCH-PROPOSITION"",""developmental_law"":""Anima-led narrow QLoRA voice tuning with optional DPO; slow and consent-gated; identity/substrate remain outside tuning.""},""return"":{""target_ground"":""Nara/Central protected personal ground"",""recognition_owner"":""human/Central/Nara protected source authority under explicit consent and privacy"",""proposal_is_not_promotion"":true}},""readiness"":{""ref"":""M4P-DAY-EPISODE"",""readiness"":""READY-TO-COMPOSE"",""proof"":""P2""},""evidence"":{""AIKIT_CENTRAL_TEMPORAL_176"":{""standing"":""IMPLEMENTATION-FACT"",""owner"":""AIKit"",""revision"":""00afe1b91f00f3881cac56459fa1cff8e7ba7183"",""source"":""EpiLogos/ai-kit#176"",""relation"":""AIKit consumes Central-owned NOW/DAY/Flow through registered owner Actions on causal lifecycle events; orientation does not grant authority, activate capabilities or invoke a model.""}},""standing_mapping"":{""source"":""CURRENT-DOMAIN-SPEC"",""canonical"":""architecture-contract"",""basis"":""Source domain specification role; no implementation claim.""}}"
M4P-ORACLE,capability,,,,[],Bounded oracle/transcription interpretation over M3 facts and current cosmic state,"Perform an M4′ oracle/lived interpretation from bounded M3 symbolic priors and current Kairos while retaining personal context, provenance and non-canonical standing.",Bounded oracle/transcription interpretation over M3 facts and current cosmic state,unresolved,architecture-contract,epi-m-capability-field-m4.json;epi-capability-readiness.json,,,EPI-M-CAPABILITY-FIELD.md,,,"{""capability"":{""capability_ref"":""M4P-ORACLE"",""m"":""M4"",""for_what"":""Bounded oracle/transcription interpretation over M3 facts and current cosmic state"",""m_prime_operation"":""Perform an M4′ oracle/lived interpretation from bounded M3 symbolic priors and current Kairos while retaining personal context, provenance and non-canonical standing."",""s_prime"":[""S3′ Chronos"",""S2′ Pleroma"",""S4′ Anima"",""S5′ Aletheia""],""native_owners"":[""AIKit"",""QL-MEF"",""Central""],""evidence_refs"":[""AIKIT_CENTRAL_TEMPORAL_176"",""QLMEF_CURRENT_KERNEL""],""m_standing"":""CURRENT-DOMAIN-SPEC"",""epi_composition_standing"":""DERIVED-CURRENT-ARCHITECTURE"",""epii_on_x_ref"":""EPII_ON_M4_NARA"",""return_profile"":""M4""},""domain"":{""schema_version"":""epi-m-capability-domain/0.2"",""status"":""active-research-matrix"",""date"":""2026-09-03"",""m"":""M4"",""m_name"":""Nara"",""m_prime"":""M4′ protected personal / lived instrument"",""epii_on_x"":{""ref"":""EPII_ON_M4_NARA"",""name"":""Epii-on-Nara"",""source"":""m5-prime-epii-on-nara-qlora-dialogic-voice.md"",""blob"":""c32a73264adaeaebe78c3e9d2e49cfc76694e4ad"",""standing"":""CURRENT-DOMAIN-SPEC / RESEARCH-PROPOSITION"",""developmental_law"":""Anima-led narrow QLoRA voice tuning with optional DPO; slow and consent-gated; identity/substrate remain outside tuning.""},""return"":{""target_ground"":""Nara/Central protected personal ground"",""recognition_owner"":""human/Central/Nara protected source authority under explicit consent and privacy"",""proposal_is_not_promotion"":true}},""readiness"":{""ref"":""M4P-ORACLE"",""readiness"":""EPI-GAP""},""evidence"":{""AIKIT_CENTRAL_TEMPORAL_176"":{""standing"":""IMPLEMENTATION-FACT"",""owner"":""AIKit"",""revision"":""00afe1b91f00f3881cac56459fa1cff8e7ba7183"",""source"":""EpiLogos/ai-kit#176"",""relation"":""AIKit consumes Central-owned NOW/DAY/Flow through registered owner Actions on causal lifecycle events; orientation does not grant authority, activate capabilities or invoke a model.""},""QLMEF_CURRENT_KERNEL"":{""standing"":""CURRENT-DEVELOPMENT"",""owner"":""QL-MEF"",""revision"":""590ea5464e0b422beaddea2669039e3d8c7fcb5c"",""source"":""QL-MEF current main plus current subsystem matrix/kernel carriers"",""relation"":""Current QL/MEF/Vāk/kernel owner supplies formal relations and domain instrument substrate; each capability-specific implementation/observed-result claim still requires exact native proof when promoted.""}},""standing_mapping"":{""source"":""CURRENT-DOMAIN-SPEC"",""canonical"":""architecture-contract"",""basis"":""Source domain specification role; no implementation claim.""}}"
M4P-ACTIVITY,capability,,,,[],Trajectory/activity evidence and decayed perturbation,Carry M4′ lived activity as temporally situated trajectory evidence that can inform future Agency and developmental review without becoming identity automatically.,Trajectory/activity evidence and decayed perturbation,unresolved,architecture-contract,epi-m-capability-field-m4.json;epi-capability-readiness.json,,,EPI-M-CAPABILITY-FIELD.md,,,"{""capability"":{""capability_ref"":""M4P-ACTIVITY"",""m"":""M4"",""for_what"":""Trajectory/activity evidence and decayed perturbation"",""m_prime_operation"":""Carry M4′ lived activity as temporally situated trajectory evidence that can inform future Agency and developmental review without becoming identity automatically."",""s_prime"":[""S3′ Chronos"",""S4′ Anima"",""S5′ Aletheia""],""native_owners"":[""Actuation"",""Factory"",""AIKit"",""QL-MEF""],""evidence_refs"":[""FACTORY_JOURNEY_176""],""m_standing"":""CURRENT-DOMAIN-SPEC"",""epi_composition_standing"":""DERIVED-CURRENT-ARCHITECTURE"",""epii_on_x_ref"":""EPII_ON_M4_NARA"",""return_profile"":""M4""},""domain"":{""schema_version"":""epi-m-capability-domain/0.2"",""status"":""active-research-matrix"",""date"":""2026-09-03"",""m"":""M4"",""m_name"":""Nara"",""m_prime"":""M4′ protected personal / lived instrument"",""epii_on_x"":{""ref"":""EPII_ON_M4_NARA"",""name"":""Epii-on-Nara"",""source"":""m5-prime-epii-on-nara-qlora-dialogic-voice.md"",""blob"":""c32a73264adaeaebe78c3e9d2e49cfc76694e4ad"",""standing"":""CURRENT-DOMAIN-SPEC / RESEARCH-PROPOSITION"",""developmental_law"":""Anima-led narrow QLoRA voice tuning with optional DPO; slow and consent-gated; identity/substrate remain outside tuning.""},""return"":{""target_ground"":""Nara/Central protected personal ground"",""recognition_owner"":""human/Central/Nara protected source authority under explicit consent and privacy"",""proposal_is_not_promotion"":true}},""readiness"":{""ref"":""M4P-ACTIVITY"",""readiness"":""READY-TO-COMPOSE"",""proof"":""P2""},""evidence"":{""FACTORY_JOURNEY_176"":{""standing"":""IMPLEMENTATION-FACT"",""owner"":""Software Factory"",""revision"":""current main at 7e8fadea5156d75eb872f55f4fd4938d47fb0648"",""source"":""EpiLogos/agent-system-design#176 (closed completed)"",""relation"":""Commission/Journey/Run carries developmental continuity and evidence while Actuation owns Agency/authority/Return, AIKit operative body/context and Workcell material placement.""}},""standing_mapping"":{""source"":""CURRENT-DOMAIN-SPEC"",""canonical"":""architecture-contract"",""basis"":""Source domain specification role; no implementation claim.""}}"
M4P-EPISODIC,capability,,,,[],Protected temporal episodic retrieval through privacy classes,"Retrieve M4′ episodes under explicit privacy/authority while preserving episode source, temporal basis and the distinction between memory, reading and inference.",Protected temporal episodic retrieval through privacy classes,unresolved,architecture-contract,epi-m-capability-field-m4.json;epi-capability-readiness.json,,,EPI-M-CAPABILITY-FIELD.md,,,"{""capability"":{""capability_ref"":""M4P-EPISODIC"",""m"":""M4"",""for_what"":""Protected temporal episodic retrieval through privacy classes"",""m_prime_operation"":""Retrieve M4′ episodes under explicit privacy/authority while preserving episode source, temporal basis and the distinction between memory, reading and inference."",""s_prime"":[""S0′ Khora"",""S1′ Hen"",""S3′ Chronos"",""S5′ Aletheia""],""native_owners"":[""Central"",""AIKit"",""QL-MEF""],""evidence_refs"":[""AIKIT_CENTRAL_TEMPORAL_176"",""AIKIT_SEMANTIC_WIKI_158""],""m_standing"":""CURRENT-DOMAIN-SPEC"",""epi_composition_standing"":""DERIVED-CURRENT-ARCHITECTURE"",""epii_on_x_ref"":""EPII_ON_M4_NARA"",""return_profile"":""M4""},""domain"":{""schema_version"":""epi-m-capability-domain/0.2"",""status"":""active-research-matrix"",""date"":""2026-09-03"",""m"":""M4"",""m_name"":""Nara"",""m_prime"":""M4′ protected personal / lived instrument"",""epii_on_x"":{""ref"":""EPII_ON_M4_NARA"",""name"":""Epii-on-Nara"",""source"":""m5-prime-epii-on-nara-qlora-dialogic-voice.md"",""blob"":""c32a73264adaeaebe78c3e9d2e49cfc76694e4ad"",""standing"":""CURRENT-DOMAIN-SPEC / RESEARCH-PROPOSITION"",""developmental_law"":""Anima-led narrow QLoRA voice tuning with optional DPO; slow and consent-gated; identity/substrate remain outside tuning.""},""return"":{""target_ground"":""Nara/Central protected personal ground"",""recognition_owner"":""human/Central/Nara protected source authority under explicit consent and privacy"",""proposal_is_not_promotion"":true}},""readiness"":{""ref"":""M4P-EPISODIC"",""readiness"":""READY-TO-COMPOSE"",""proof"":""P2""},""evidence"":{""AIKIT_CENTRAL_TEMPORAL_176"":{""standing"":""IMPLEMENTATION-FACT"",""owner"":""AIKit"",""revision"":""00afe1b91f00f3881cac56459fa1cff8e7ba7183"",""source"":""EpiLogos/ai-kit#176"",""relation"":""AIKit consumes Central-owned NOW/DAY/Flow through registered owner Actions on causal lifecycle events; orientation does not grant authority, activate capabilities or invoke a model.""},""AIKIT_SEMANTIC_WIKI_158"":{""standing"":""IMPLEMENTATION-FACT"",""owner"":""AIKit"",""revision"":""current main at 00afe1b91f00f3881cac56459fa1cff8e7ba7183"",""source"":""EpiLogos/ai-kit#158 (closed completed)"",""relation"":""SemanticWiki/Living Knowledge/Contemplate operates canonical QL-shaped knowledge with provenance, bounded deterministic preflight, generated WikiReadings and Return; no automatic model invocation or canon promotion.""}},""standing_mapping"":{""source"":""CURRENT-DOMAIN-SPEC"",""canonical"":""architecture-contract"",""basis"":""Source domain specification role; no implementation claim.""}}"
M4P-PROMOTION-SEAM,capability,,,,[],Produce identity-augment proposals and governed sendoff to M5 review,Turn eligible M4′ returned difference into an identity/learning proposal for M5′ review without changing protected identity until the owning authority recognises it.,Produce identity-augment proposals and governed sendoff to M5 review,unresolved,architecture-contract,epi-m-capability-field-m4.json;epi-capability-readiness.json,,,EPI-M-CAPABILITY-FIELD.md,,,"{""capability"":{""capability_ref"":""M4P-PROMOTION-SEAM"",""m"":""M4"",""for_what"":""Produce identity-augment proposals and governed sendoff to M5 review"",""m_prime_operation"":""Turn eligible M4′ returned difference into an identity/learning proposal for M5′ review without changing protected identity until the owning authority recognises it."",""s_prime"":[""S4′ Anima"",""S5′ Aletheia""],""native_owners"":[""Actuation"",""Factory"",""Central"",""QL-MEF""],""evidence_refs"":[""FACTORY_JOURNEY_176""],""m_standing"":""CURRENT-DOMAIN-SPEC"",""epi_composition_standing"":""DERIVED-CURRENT-ARCHITECTURE"",""epii_on_x_ref"":""EPII_ON_M4_NARA"",""return_profile"":""M4""},""domain"":{""schema_version"":""epi-m-capability-domain/0.2"",""status"":""active-research-matrix"",""date"":""2026-09-03"",""m"":""M4"",""m_name"":""Nara"",""m_prime"":""M4′ protected personal / lived instrument"",""epii_on_x"":{""ref"":""EPII_ON_M4_NARA"",""name"":""Epii-on-Nara"",""source"":""m5-prime-epii-on-nara-qlora-dialogic-voice.md"",""blob"":""c32a73264adaeaebe78c3e9d2e49cfc76694e4ad"",""standing"":""CURRENT-DOMAIN-SPEC / RESEARCH-PROPOSITION"",""developmental_law"":""Anima-led narrow QLoRA voice tuning with optional DPO; slow and consent-gated; identity/substrate remain outside tuning.""},""return"":{""target_ground"":""Nara/Central protected personal ground"",""recognition_owner"":""human/Central/Nara protected source authority under explicit consent and privacy"",""proposal_is_not_promotion"":true}},""readiness"":{""ref"":""M4P-PROMOTION-SEAM"",""readiness"":""READY-TO-COMPOSE""},""evidence"":{""FACTORY_JOURNEY_176"":{""standing"":""IMPLEMENTATION-FACT"",""owner"":""Software Factory"",""revision"":""current main at 7e8fadea5156d75eb872f55f4fd4938d47fb0648"",""source"":""EpiLogos/agent-system-design#176 (closed completed)"",""relation"":""Commission/Journey/Run carries developmental continuity and evidence while Actuation owns Agency/authority/Return, AIKit operative body/context and Workcell material placement.""}},""standing_mapping"":{""source"":""CURRENT-DOMAIN-SPEC"",""canonical"":""architecture-contract"",""basis"":""Source domain specification role; no implementation claim.""}}"
M5P-LIBRARY,capability,,,,[],"Bimba pedagogy, Gnosis/RAG and knowledge retrieval across distinct namespaces","Use M5′ as a provenance-bearing pedagogical/knowledge instrument across distinct namespaces while keeping retrieval, reading and canon standing separate.","Bimba pedagogy, Gnosis/RAG and knowledge retrieval across distinct namespaces",unresolved,architecture-contract,epi-m-capability-field-m5.json;epi-capability-readiness.json,,,EPI-M-CAPABILITY-FIELD.md,,,"{""capability"":{""capability_ref"":""M5P-LIBRARY"",""m"":""M5"",""for_what"":""Bimba pedagogy, Gnosis/RAG and knowledge retrieval across distinct namespaces"",""m_prime_operation"":""Use M5′ as a provenance-bearing pedagogical/knowledge instrument across distinct namespaces while keeping retrieval, reading and canon standing separate."",""s_prime"":[""S1′ Hen"",""S2′ Pleroma"",""S5′ Aletheia""],""native_owners"":[""AIKit"",""QL-MEF"",""Central""],""evidence_refs"":[""AIKIT_SEMANTIC_WIKI_158""],""m_standing"":""CURRENT-DOMAIN-SPEC"",""epi_composition_standing"":""DERIVED-CURRENT-ARCHITECTURE"",""epii_on_x_ref"":""EPII_ON_M5_EPII"",""return_profile"":""M5""},""domain"":{""schema_version"":""epi-m-capability-domain/0.2"",""status"":""active-research-matrix"",""date"":""2026-09-03"",""m"":""M5"",""m_name"":""Epii"",""m_prime"":""M5′ Epii reflexive developmental / review instrument"",""epii_on_x"":{""ref"":""EPII_ON_M5_EPII"",""name"":""Epii-on-Epii"",""source"":""m5-prime-epii-on-epii-self-referential-capacity.md"",""blob"":""5350bd9f30db611d93352d21891698a39e6c9c8a"",""standing"":""CURRENT-DOMAIN-SPEC / RESEARCH-PROPOSITION"",""developmental_law"":""Recursive synthetic-telic development of pedagogy, review, canon and autoresearch; CPT/RAG may support voice/reach but never auto-promote.""},""return"":{""target_ground"":""Epii canon / the target source reached by Möbius Return"",""recognition_owner"":""human Recognition plus the canonical owner of the target ground; Factory evidence/review does not itself confer authority"",""proposal_is_not_promotion"":true}},""readiness"":{""ref"":""M5P-LIBRARY"",""readiness"":""READY-TO-COMPOSE"",""proof"":""P3""},""evidence"":{""AIKIT_SEMANTIC_WIKI_158"":{""standing"":""IMPLEMENTATION-FACT"",""owner"":""AIKit"",""revision"":""current main at 00afe1b91f00f3881cac56459fa1cff8e7ba7183"",""source"":""EpiLogos/ai-kit#158 (closed completed)"",""relation"":""SemanticWiki/Living Knowledge/Contemplate operates canonical QL-shaped knowledge with provenance, bounded deterministic preflight, generated WikiReadings and Return; no automatic model invocation or canon promotion.""}},""standing_mapping"":{""source"":""CURRENT-DOMAIN-SPEC"",""canonical"":""architecture-contract"",""basis"":""Source domain specification role; no implementation claim.""}}"
M5P-CANON,capability,,,,[],Philosophy/canon authoring and review with safe mutation,"Operate M5′ canon/philosophy work as reviewable authored/proposed difference with explicit mutation authority, evidence and Recognition.",Philosophy/canon authoring and review with safe mutation,unresolved,architecture-contract,epi-m-capability-field-m5.json;epi-capability-readiness.json,,,EPI-M-CAPABILITY-FIELD.md,,,"{""capability"":{""capability_ref"":""M5P-CANON"",""m"":""M5"",""for_what"":""Philosophy/canon authoring and review with safe mutation"",""m_prime_operation"":""Operate M5′ canon/philosophy work as reviewable authored/proposed difference with explicit mutation authority, evidence and Recognition."",""s_prime"":[""S1′ Hen"",""S4′ Anima"",""S5′ Aletheia""],""native_owners"":[""Central"",""AIKit"",""Factory"",""QL-MEF""],""evidence_refs"":[""AIKIT_SEMANTIC_WIKI_158"",""FACTORY_JOURNEY_176""],""m_standing"":""CURRENT-DOMAIN-SPEC"",""epi_composition_standing"":""DERIVED-CURRENT-ARCHITECTURE"",""epii_on_x_ref"":""EPII_ON_M5_EPII"",""return_profile"":""M5""},""domain"":{""schema_version"":""epi-m-capability-domain/0.2"",""status"":""active-research-matrix"",""date"":""2026-09-03"",""m"":""M5"",""m_name"":""Epii"",""m_prime"":""M5′ Epii reflexive developmental / review instrument"",""epii_on_x"":{""ref"":""EPII_ON_M5_EPII"",""name"":""Epii-on-Epii"",""source"":""m5-prime-epii-on-epii-self-referential-capacity.md"",""blob"":""5350bd9f30db611d93352d21891698a39e6c9c8a"",""standing"":""CURRENT-DOMAIN-SPEC / RESEARCH-PROPOSITION"",""developmental_law"":""Recursive synthetic-telic development of pedagogy, review, canon and autoresearch; CPT/RAG may support voice/reach but never auto-promote.""},""return"":{""target_ground"":""Epii canon / the target source reached by Möbius Return"",""recognition_owner"":""human Recognition plus the canonical owner of the target ground; Factory evidence/review does not itself confer authority"",""proposal_is_not_promotion"":true}},""readiness"":{""ref"":""M5P-CANON"",""readiness"":""READY-TO-COMPOSE"",""proof"":""P3""},""evidence"":{""AIKIT_SEMANTIC_WIKI_158"":{""standing"":""IMPLEMENTATION-FACT"",""owner"":""AIKit"",""revision"":""current main at 00afe1b91f00f3881cac56459fa1cff8e7ba7183"",""source"":""EpiLogos/ai-kit#158 (closed completed)"",""relation"":""SemanticWiki/Living Knowledge/Contemplate operates canonical QL-shaped knowledge with provenance, bounded deterministic preflight, generated WikiReadings and Return; no automatic model invocation or canon promotion.""},""FACTORY_JOURNEY_176"":{""standing"":""IMPLEMENTATION-FACT"",""owner"":""Software Factory"",""revision"":""current main at 7e8fadea5156d75eb872f55f4fd4938d47fb0648"",""source"":""EpiLogos/agent-system-design#176 (closed completed)"",""relation"":""Commission/Journey/Run carries developmental continuity and evidence while Actuation owns Agency/authority/Return, AIKit operative body/context and Workcell material placement.""}},""standing_mapping"":{""source"":""CURRENT-DOMAIN-SPEC"",""canonical"":""architecture-contract"",""basis"":""Source domain specification role; no implementation claim.""}}"
M5P-BACKEND-STUDIO,capability,,,,[],Inspect and operate Epi backend through governed tasks/tests/evidence,Use M5′ backend development as a governed Agency→Journey/Run→material execution→evidence loop whose returned changes remain candidates until recognised.,Inspect and operate Epi backend through governed tasks/tests/evidence,unresolved,architecture-contract,epi-m-capability-field-m5.json;epi-capability-readiness.json,,,EPI-M-CAPABILITY-FIELD.md,,,"{""capability"":{""capability_ref"":""M5P-BACKEND-STUDIO"",""m"":""M5"",""for_what"":""Inspect and operate Epi backend through governed tasks/tests/evidence"",""m_prime_operation"":""Use M5′ backend development as a governed Agency→Journey/Run→material execution→evidence loop whose returned changes remain candidates until recognised."",""s_prime"":[""S2′ Pleroma"",""S4′ Anima"",""S5′ Aletheia""],""native_owners"":[""AIKit"",""Actuation"",""Factory"",""Workcell"",""QL-MEF""],""evidence_refs"":[""FACTORY_JOURNEY_176"",""OI_WORLD_RECOGNITION_185"",""WORKCELL_MATERIAL_BODY""],""m_standing"":""CURRENT-DOMAIN-SPEC"",""epi_composition_standing"":""DERIVED-CURRENT-ARCHITECTURE"",""epii_on_x_ref"":""EPII_ON_M5_EPII"",""return_profile"":""M5""},""domain"":{""schema_version"":""epi-m-capability-domain/0.2"",""status"":""active-research-matrix"",""date"":""2026-09-03"",""m"":""M5"",""m_name"":""Epii"",""m_prime"":""M5′ Epii reflexive developmental / review instrument"",""epii_on_x"":{""ref"":""EPII_ON_M5_EPII"",""name"":""Epii-on-Epii"",""source"":""m5-prime-epii-on-epii-self-referential-capacity.md"",""blob"":""5350bd9f30db611d93352d21891698a39e6c9c8a"",""standing"":""CURRENT-DOMAIN-SPEC / RESEARCH-PROPOSITION"",""developmental_law"":""Recursive synthetic-telic development of pedagogy, review, canon and autoresearch; CPT/RAG may support voice/reach but never auto-promote.""},""return"":{""target_ground"":""Epii canon / the target source reached by Möbius Return"",""recognition_owner"":""human Recognition plus the canonical owner of the target ground; Factory evidence/review does not itself confer authority"",""proposal_is_not_promotion"":true}},""readiness"":{""ref"":""M5P-BACKEND-STUDIO"",""readiness"":""READY-TO-COMPOSE"",""proof"":""P3""},""evidence"":{""FACTORY_JOURNEY_176"":{""standing"":""IMPLEMENTATION-FACT"",""owner"":""Software Factory"",""revision"":""current main at 7e8fadea5156d75eb872f55f4fd4938d47fb0648"",""source"":""EpiLogos/agent-system-design#176 (closed completed)"",""relation"":""Commission/Journey/Run carries developmental continuity and evidence while Actuation owns Agency/authority/Return, AIKit operative body/context and Workcell material placement.""},""OI_WORLD_RECOGNITION_185"":{""standing"":""IMPLEMENTATION-FACT"",""owner"":""O:I"",""revision"":""18fd59838c63b0a2caff23e249eff24a8a0f6fc0"",""source"":""EpiLogos/O-I#185"",""relation"":""Adapter-driven World recognition discovers existing technologies, relations and owner bindings and routes missing integration to native owners without semantic takeover.""},""WORKCELL_MATERIAL_BODY"":{""standing"":""IMPLEMENTATION-FACT"",""owner"":""Workcell"",""revision"":""25792dc3aa8e4c54088c0696cee00f8efefe03ad"",""source"":""Workcell current main"",""relation"":""Workcell owns material provider/body/process/service conditions; material identity remains distinct from Agent, capability and Epi semantic identity.""}},""standing_mapping"":{""source"":""CURRENT-DOMAIN-SPEC"",""canonical"":""architecture-contract"",""basis"":""Source domain specification role; no implementation claim.""}}"
M5P-REFLECTED-APP,capability,,,,[],Reflected application/workspace surface for M-prime capabilities,"Compose M5′ as an inhabited application/workspace in which source, instruments, time, Agency and material surfaces retain their native refs and ownership.",Reflected application/workspace surface for M-prime capabilities,unresolved,architecture-contract,epi-m-capability-field-m5.json;epi-capability-readiness.json,,,EPI-M-CAPABILITY-FIELD.md,,,"{""capability"":{""capability_ref"":""M5P-REFLECTED-APP"",""m"":""M5"",""for_what"":""Reflected application/workspace surface for M-prime capabilities"",""m_prime_operation"":""Compose M5′ as an inhabited application/workspace in which source, instruments, time, Agency and material surfaces retain their native refs and ownership."",""s_prime"":[""S0′ Khora"",""S2′ Pleroma"",""S3′ Chronos"",""S4′ Anima""],""native_owners"":[""AIKit"",""O:I SharedField"",""QL-MEF"",""Workcell""],""evidence_refs"":[""OI_WORLD_RECOGNITION_185"",""OI_SHAREDFIELD_SPACETIMEDB""],""m_standing"":""CURRENT-DOMAIN-SPEC"",""epi_composition_standing"":""DERIVED-CURRENT-ARCHITECTURE"",""epii_on_x_ref"":""EPII_ON_M5_EPII"",""return_profile"":""M5""},""domain"":{""schema_version"":""epi-m-capability-domain/0.2"",""status"":""active-research-matrix"",""date"":""2026-09-03"",""m"":""M5"",""m_name"":""Epii"",""m_prime"":""M5′ Epii reflexive developmental / review instrument"",""epii_on_x"":{""ref"":""EPII_ON_M5_EPII"",""name"":""Epii-on-Epii"",""source"":""m5-prime-epii-on-epii-self-referential-capacity.md"",""blob"":""5350bd9f30db611d93352d21891698a39e6c9c8a"",""standing"":""CURRENT-DOMAIN-SPEC / RESEARCH-PROPOSITION"",""developmental_law"":""Recursive synthetic-telic development of pedagogy, review, canon and autoresearch; CPT/RAG may support voice/reach but never auto-promote.""},""return"":{""target_ground"":""Epii canon / the target source reached by Möbius Return"",""recognition_owner"":""human Recognition plus the canonical owner of the target ground; Factory evidence/review does not itself confer authority"",""proposal_is_not_promotion"":true}},""readiness"":{""ref"":""M5P-REFLECTED-APP"",""readiness"":""READY-TO-COMPOSE""},""evidence"":{""OI_WORLD_RECOGNITION_185"":{""standing"":""IMPLEMENTATION-FACT"",""owner"":""O:I"",""revision"":""18fd59838c63b0a2caff23e249eff24a8a0f6fc0"",""source"":""EpiLogos/O-I#185"",""relation"":""Adapter-driven World recognition discovers existing technologies, relations and owner bindings and routes missing integration to native owners without semantic takeover.""},""OI_SHAREDFIELD_SPACETIMEDB"":{""standing"":""IMPLEMENTATION-FACT + OBSERVED-RESULT"",""owner"":""O:I SharedField"",""revision"":""current O:I main 18fd59838c63b0a2caff23e249eff24a8a0f6fc0; hosted Explore lineage"",""source"":""O:I SharedField/SpaceTimeDB application line; source-trace/W11 lineage"",""relation"":""Live hosted SharedField application substrate supplies common state/readings across human/desktop/Agent surfaces; hosted IDs/state do not own Epi semantic identity.""}},""standing_mapping"":{""source"":""CURRENT-DOMAIN-SPEC"",""canonical"":""architecture-contract"",""basis"":""Source domain specification role; no implementation claim.""}}"
M5P-CONTROL-ROOM,capability,,,,[],"Governed Agent execution, capability selection, evidence and review handoff","Compose M5′ control-room activity from native capabilities, Agency and Journey/Run evidence, routing returned difference to explicit review/Recognition.","Governed Agent execution, capability selection, evidence and review handoff",unresolved,architecture-contract,epi-m-capability-field-m5.json;epi-capability-readiness.json,,,EPI-M-CAPABILITY-FIELD.md,,,"{""capability"":{""capability_ref"":""M5P-CONTROL-ROOM"",""m"":""M5"",""for_what"":""Governed Agent execution, capability selection, evidence and review handoff"",""m_prime_operation"":""Compose M5′ control-room activity from native capabilities, Agency and Journey/Run evidence, routing returned difference to explicit review/Recognition."",""s_prime"":[""S2′ Pleroma"",""S4′ Anima"",""S5′ Aletheia""],""native_owners"":[""Actuation"",""AIKit"",""Factory"",""QL-MEF""],""evidence_refs"":[""FACTORY_JOURNEY_176"",""OI_WORLD_RECOGNITION_185""],""m_standing"":""CURRENT-DOMAIN-SPEC"",""epi_composition_standing"":""DERIVED-CURRENT-ARCHITECTURE"",""epii_on_x_ref"":""EPII_ON_M5_EPII"",""return_profile"":""M5""},""domain"":{""schema_version"":""epi-m-capability-domain/0.2"",""status"":""active-research-matrix"",""date"":""2026-09-03"",""m"":""M5"",""m_name"":""Epii"",""m_prime"":""M5′ Epii reflexive developmental / review instrument"",""epii_on_x"":{""ref"":""EPII_ON_M5_EPII"",""name"":""Epii-on-Epii"",""source"":""m5-prime-epii-on-epii-self-referential-capacity.md"",""blob"":""5350bd9f30db611d93352d21891698a39e6c9c8a"",""standing"":""CURRENT-DOMAIN-SPEC / RESEARCH-PROPOSITION"",""developmental_law"":""Recursive synthetic-telic development of pedagogy, review, canon and autoresearch; CPT/RAG may support voice/reach but never auto-promote.""},""return"":{""target_ground"":""Epii canon / the target source reached by Möbius Return"",""recognition_owner"":""human Recognition plus the canonical owner of the target ground; Factory evidence/review does not itself confer authority"",""proposal_is_not_promotion"":true}},""readiness"":{""ref"":""M5P-CONTROL-ROOM"",""readiness"":""READY-TO-COMPOSE"",""proof"":""P3""},""evidence"":{""FACTORY_JOURNEY_176"":{""standing"":""IMPLEMENTATION-FACT"",""owner"":""Software Factory"",""revision"":""current main at 7e8fadea5156d75eb872f55f4fd4938d47fb0648"",""source"":""EpiLogos/agent-system-design#176 (closed completed)"",""relation"":""Commission/Journey/Run carries developmental continuity and evidence while Actuation owns Agency/authority/Return, AIKit operative body/context and Workcell material placement.""},""OI_WORLD_RECOGNITION_185"":{""standing"":""IMPLEMENTATION-FACT"",""owner"":""O:I"",""revision"":""18fd59838c63b0a2caff23e249eff24a8a0f6fc0"",""source"":""EpiLogos/O-I#185"",""relation"":""Adapter-driven World recognition discovers existing technologies, relations and owner bindings and routes missing integration to native owners without semantic takeover.""}},""standing_mapping"":{""source"":""CURRENT-DOMAIN-SPEC"",""canonical"":""architecture-contract"",""basis"":""Source domain specification role; no implementation claim.""}}"
M5P-ATELIER,capability,,,,[],"Logos/etymological archaeology, source-following, crystallisation and return","Operate M5′ etymological/source archaeology through QL-shaped knowledge, bounded research praxis and governed crystallisation back to exact sources.","Logos/etymological archaeology, source-following, crystallisation and return",unresolved,architecture-contract,epi-m-capability-field-m5.json;epi-capability-readiness.json,,,EPI-M-CAPABILITY-FIELD.md,,,"{""capability"":{""capability_ref"":""M5P-ATELIER"",""m"":""M5"",""for_what"":""Logos/etymological archaeology, source-following, crystallisation and return"",""m_prime_operation"":""Operate M5′ etymological/source archaeology through QL-shaped knowledge, bounded research praxis and governed crystallisation back to exact sources."",""s_prime"":[""S1′ Hen"",""S2′ Pleroma"",""S4′ Anima"",""S5′ Aletheia""],""native_owners"":[""AIKit"",""Factory"",""QL-MEF"",""Central""],""evidence_refs"":[""AIKIT_SEMANTIC_WIKI_158"",""FACTORY_JOURNEY_176""],""m_standing"":""CURRENT-DOMAIN-SPEC"",""epi_composition_standing"":""DERIVED-CURRENT-ARCHITECTURE"",""epii_on_x_ref"":""EPII_ON_M5_EPII"",""return_profile"":""M5""},""domain"":{""schema_version"":""epi-m-capability-domain/0.2"",""status"":""active-research-matrix"",""date"":""2026-09-03"",""m"":""M5"",""m_name"":""Epii"",""m_prime"":""M5′ Epii reflexive developmental / review instrument"",""epii_on_x"":{""ref"":""EPII_ON_M5_EPII"",""name"":""Epii-on-Epii"",""source"":""m5-prime-epii-on-epii-self-referential-capacity.md"",""blob"":""5350bd9f30db611d93352d21891698a39e6c9c8a"",""standing"":""CURRENT-DOMAIN-SPEC / RESEARCH-PROPOSITION"",""developmental_law"":""Recursive synthetic-telic development of pedagogy, review, canon and autoresearch; CPT/RAG may support voice/reach but never auto-promote.""},""return"":{""target_ground"":""Epii canon / the target source reached by Möbius Return"",""recognition_owner"":""human Recognition plus the canonical owner of the target ground; Factory evidence/review does not itself confer authority"",""proposal_is_not_promotion"":true}},""readiness"":{""ref"":""M5P-ATELIER"",""readiness"":""READY-TO-COMPOSE"",""proof"":""P3""},""evidence"":{""AIKIT_SEMANTIC_WIKI_158"":{""standing"":""IMPLEMENTATION-FACT"",""owner"":""AIKit"",""revision"":""current main at 00afe1b91f00f3881cac56459fa1cff8e7ba7183"",""source"":""EpiLogos/ai-kit#158 (closed completed)"",""relation"":""SemanticWiki/Living Knowledge/Contemplate operates canonical QL-shaped knowledge with provenance, bounded deterministic preflight, generated WikiReadings and Return; no automatic model invocation or canon promotion.""},""FACTORY_JOURNEY_176"":{""standing"":""IMPLEMENTATION-FACT"",""owner"":""Software Factory"",""revision"":""current main at 7e8fadea5156d75eb872f55f4fd4938d47fb0648"",""source"":""EpiLogos/agent-system-design#176 (closed completed)"",""relation"":""Commission/Journey/Run carries developmental continuity and evidence while Actuation owns Agency/authority/Return, AIKit operative body/context and Workcell material placement.""}},""standing_mapping"":{""source"":""CURRENT-DOMAIN-SPEC"",""canonical"":""architecture-contract"",""basis"":""Source domain specification role; no implementation claim.""}}"
M0->S0′,relation,inhabitation,M0,S0′,"[""M0P-LANGUAGE"",""M0P-PERSONAL-ROUTE""]","Enter the Agent into Bimba/Vāk at a source-provenanced address, carrying authored orientation, source revision and continuation so Epi meaning is ground rather than decoration.",,,,design-commitment,EPI-DEEP-SUBSYSTEM-CAPABILITY-MATRIX-PROTOCOL.md;EPI-TA-ONTA-AGENT-WORLD-CAPABILITY-MATRIX.md,,,EPI-TA-ONTA-AGENT-WORLD-CAPABILITY-MATRIX.md,"Enter the Agent into Bimba/Vāk at a source-provenanced address, carrying authored orientation, source revision and continuation so Epi meaning is ground rather than decoration.",,"{""organ_ref"":""S0′"",""organ"":""Khora"",""m"":""M0"",""m_name"":""Anuttara"",""for_what"":""Enter the Agent into Bimba/Vāk at a source-provenanced address, carrying authored orientation, source revision and continuation so Epi meaning is ground rather than decoration."",""native_owners"":""Central;AIKit;QL-MEF"",""m_prime_return"":""M0′"",""standing"":""DESIGN-COMMITMENT"",""standing_mapping"":{""source"":""DESIGN-COMMITMENT"",""canonical"":""design-commitment"",""basis"":""Source ratified design standing.""}}"
M1->S0′,relation,inhabitation,M1,S0′,"[""M1P-CANONICAL-SOURCE"",""M1P-INSTANCE""]",Bind the session to the canonical QL/kernel and current profile generation so any relational or harmonic act begins from the same formal ground as the instruments it may operate.,,,,design-commitment,EPI-DEEP-SUBSYSTEM-CAPABILITY-MATRIX-PROTOCOL.md;EPI-TA-ONTA-AGENT-WORLD-CAPABILITY-MATRIX.md,,,EPI-TA-ONTA-AGENT-WORLD-CAPABILITY-MATRIX.md,Bind the session to the canonical QL/kernel and current profile generation so any relational or harmonic act begins from the same formal ground as the instruments it may operate.,,"{""organ_ref"":""S0′"",""organ"":""Khora"",""m"":""M1"",""m_name"":""Paramaśiva"",""for_what"":""Bind the session to the canonical QL/kernel and current profile generation so any relational or harmonic act begins from the same formal ground as the instruments it may operate."",""native_owners"":""QL-MEF;AIKit"",""m_prime_return"":""M1′"",""standing"":""DESIGN-COMMITMENT"",""standing_mapping"":{""source"":""DESIGN-COMMITMENT"",""canonical"":""design-commitment"",""basis"":""Source ratified design standing.""}}"
M2->S0′,relation,inhabitation,M2,S0′,"[""M2P-PROFILE-SOURCE""]","Establish the Paraśakti source horizon and current correspondential/sonic profile while preserving source standing, so derived correspondences never masquerade as authored ground.",,,,design-commitment,EPI-DEEP-SUBSYSTEM-CAPABILITY-MATRIX-PROTOCOL.md;EPI-TA-ONTA-AGENT-WORLD-CAPABILITY-MATRIX.md,,,EPI-TA-ONTA-AGENT-WORLD-CAPABILITY-MATRIX.md,"Establish the Paraśakti source horizon and current correspondential/sonic profile while preserving source standing, so derived correspondences never masquerade as authored ground.",,"{""organ_ref"":""S0′"",""organ"":""Khora"",""m"":""M2"",""m_name"":""Paraśakti"",""for_what"":""Establish the Paraśakti source horizon and current correspondential/sonic profile while preserving source standing, so derived correspondences never masquerade as authored ground."",""native_owners"":""AIKit;QL-MEF"",""m_prime_return"":""M2′"",""standing"":""DESIGN-COMMITMENT"",""standing_mapping"":{""source"":""DESIGN-COMMITMENT"",""canonical"":""design-commitment"",""basis"":""Source ratified design standing.""}}"
M3->S0′,relation,inhabitation,M3,S0′,"[""M3P-CLOCK"",""M3P-WORLD-CLOCK""]","Attach the Agent to the authoritative shared clock/cosmos stream, world-clock generation and current Project/deposition anchors instead of allowing a private renderer/session clock.",,,,design-commitment,EPI-DEEP-SUBSYSTEM-CAPABILITY-MATRIX-PROTOCOL.md;EPI-TA-ONTA-AGENT-WORLD-CAPABILITY-MATRIX.md,,,EPI-TA-ONTA-AGENT-WORLD-CAPABILITY-MATRIX.md,"Attach the Agent to the authoritative shared clock/cosmos stream, world-clock generation and current Project/deposition anchors instead of allowing a private renderer/session clock.",,"{""organ_ref"":""S0′"",""organ"":""Khora"",""m"":""M3"",""m_name"":""Mahāmāyā"",""for_what"":""Attach the Agent to the authoritative shared clock/cosmos stream, world-clock generation and current Project/deposition anchors instead of allowing a private renderer/session clock."",""native_owners"":""AIKit;O:I SharedField;QL-MEF"",""m_prime_return"":""M3′"",""standing"":""DESIGN-COMMITMENT"",""standing_mapping"":{""source"":""DESIGN-COMMITMENT"",""canonical"":""design-commitment"",""basis"":""Source ratified design standing.""}}"
M4->S0′,relation,inhabitation,M4,S0′,"[""M4P-IDENTITY"",""M4P-DAY-EPISODE"",""M4P-EPISODIC""]","Bind only eligible human ground and protected Nara state into the session under privacy and authority, separating durable identity, current state, observations and inference.",,,,design-commitment,EPI-DEEP-SUBSYSTEM-CAPABILITY-MATRIX-PROTOCOL.md;EPI-TA-ONTA-AGENT-WORLD-CAPABILITY-MATRIX.md,,,EPI-TA-ONTA-AGENT-WORLD-CAPABILITY-MATRIX.md,"Bind only eligible human ground and protected Nara state into the session under privacy and authority, separating durable identity, current state, observations and inference.",,"{""organ_ref"":""S0′"",""organ"":""Khora"",""m"":""M4"",""m_name"":""Nara"",""for_what"":""Bind only eligible human ground and protected Nara state into the session under privacy and authority, separating durable identity, current state, observations and inference."",""native_owners"":""Central;AIKit;Actuation"",""m_prime_return"":""M4′"",""standing"":""DESIGN-COMMITMENT"",""standing_mapping"":{""source"":""DESIGN-COMMITMENT"",""canonical"":""design-commitment"",""basis"":""Source ratified design standing.""}}"
M5->S0′,relation,inhabitation,M5,S0′,"[""M5P-REFLECTED-APP""]",Recover the prior Recognition/WikiReading/review frontier and unresolved Return so the Agent enters a continuing Epi developmental world rather than a stateless chat.,,,,design-commitment,EPI-DEEP-SUBSYSTEM-CAPABILITY-MATRIX-PROTOCOL.md;EPI-TA-ONTA-AGENT-WORLD-CAPABILITY-MATRIX.md,,,EPI-TA-ONTA-AGENT-WORLD-CAPABILITY-MATRIX.md,Recover the prior Recognition/WikiReading/review frontier and unresolved Return so the Agent enters a continuing Epi developmental world rather than a stateless chat.,,"{""organ_ref"":""S0′"",""organ"":""Khora"",""m"":""M5"",""m_name"":""Epii"",""for_what"":""Recover the prior Recognition/WikiReading/review frontier and unresolved Return so the Agent enters a continuing Epi developmental world rather than a stateless chat."",""native_owners"":""AIKit;Factory;QL-MEF;Central"",""m_prime_return"":""M5′"",""standing"":""DESIGN-COMMITMENT"",""standing_mapping"":{""source"":""DESIGN-COMMITMENT"",""canonical"":""design-commitment"",""basis"":""Source ratified design standing.""}}"
M0->S1′,relation,inhabitation,M0,S1′,"[""M0P-LANGUAGE"",""M0P-QL-STRUCTURE"",""M0P-RELATIONS"",""M0P-TIME-COMMUNITY"",""M0P-PEDAGOGY-ROUTE""]","Make Bimba/Vāk entries, source standing, coordinate relations and provenance navigable as living Wiki/artifact forms that remain connected to canonical source.",,,,design-commitment,EPI-DEEP-SUBSYSTEM-CAPABILITY-MATRIX-PROTOCOL.md;EPI-TA-ONTA-AGENT-WORLD-CAPABILITY-MATRIX.md,,,EPI-TA-ONTA-AGENT-WORLD-CAPABILITY-MATRIX.md,"Make Bimba/Vāk entries, source standing, coordinate relations and provenance navigable as living Wiki/artifact forms that remain connected to canonical source.",,"{""organ_ref"":""S1′"",""organ"":""Hen"",""m"":""M0"",""m_name"":""Anuttara"",""for_what"":""Make Bimba/Vāk entries, source standing, coordinate relations and provenance navigable as living Wiki/artifact forms that remain connected to canonical source."",""native_owners"":""AIKit;QL-MEF;Central"",""m_prime_return"":""M0′"",""standing"":""DESIGN-COMMITMENT"",""standing_mapping"":{""source"":""DESIGN-COMMITMENT"",""canonical"":""design-commitment"",""basis"":""Source ratified design standing.""}}"
M1->S1′,relation,inhabitation,M1,S1′,"[""M1P-CANONICAL-SOURCE"",""M1P-QL-FLOWERING""]","Make QL/harmonic derivations, proofs, music/instrument states and formal relations source-addressable artifacts whose explanatory form does not replace their executable authority.",,,,design-commitment,EPI-DEEP-SUBSYSTEM-CAPABILITY-MATRIX-PROTOCOL.md;EPI-TA-ONTA-AGENT-WORLD-CAPABILITY-MATRIX.md,,,EPI-TA-ONTA-AGENT-WORLD-CAPABILITY-MATRIX.md,"Make QL/harmonic derivations, proofs, music/instrument states and formal relations source-addressable artifacts whose explanatory form does not replace their executable authority.",,"{""organ_ref"":""S1′"",""organ"":""Hen"",""m"":""M1"",""m_name"":""Paramaśiva"",""for_what"":""Make QL/harmonic derivations, proofs, music/instrument states and formal relations source-addressable artifacts whose explanatory form does not replace their executable authority."",""native_owners"":""QL-MEF;AIKit"",""m_prime_return"":""M1′"",""standing"":""DESIGN-COMMITMENT"",""standing_mapping"":{""source"":""DESIGN-COMMITMENT"",""canonical"":""design-commitment"",""basis"":""Source ratified design standing.""}}"
M2->S1′,relation,inhabitation,M2,S1′,"[""M2P-PROFILE-SOURCE"",""M2P-ELEMENTAL-MEDIUM"",""M2P-DECANIC-FACE""]","Type lenses, elements, planets, chakras, decans, sonic systems and correspondence claims with provenance, allowing multiple readings without collapsing them into one universal schema.",,,,design-commitment,EPI-DEEP-SUBSYSTEM-CAPABILITY-MATRIX-PROTOCOL.md;EPI-TA-ONTA-AGENT-WORLD-CAPABILITY-MATRIX.md,,,EPI-TA-ONTA-AGENT-WORLD-CAPABILITY-MATRIX.md,"Type lenses, elements, planets, chakras, decans, sonic systems and correspondence claims with provenance, allowing multiple readings without collapsing them into one universal schema.",,"{""organ_ref"":""S1′"",""organ"":""Hen"",""m"":""M2"",""m_name"":""Paraśakti"",""for_what"":""Type lenses, elements, planets, chakras, decans, sonic systems and correspondence claims with provenance, allowing multiple readings without collapsing them into one universal schema."",""native_owners"":""AIKit;QL-MEF"",""m_prime_return"":""M2′"",""standing"":""DESIGN-COMMITMENT"",""standing_mapping"":{""source"":""DESIGN-COMMITMENT"",""canonical"":""design-commitment"",""basis"":""Source ratified design standing.""}}"
M3->S1′,relation,inhabitation,M3,S1′,"[""M3P-TRANSDUCTION"",""M3P-SYMBOLIC-CODEC"",""M3P-MEASUREMENT-INSPECTOR""]","Give codon/transcription/oracle/clock packets and world-clock observations stable typed forms that can be inspected, related, replayed and returned without renderer-local truth.",,,,design-commitment,EPI-DEEP-SUBSYSTEM-CAPABILITY-MATRIX-PROTOCOL.md;EPI-TA-ONTA-AGENT-WORLD-CAPABILITY-MATRIX.md,,,EPI-TA-ONTA-AGENT-WORLD-CAPABILITY-MATRIX.md,"Give codon/transcription/oracle/clock packets and world-clock observations stable typed forms that can be inspected, related, replayed and returned without renderer-local truth.",,"{""organ_ref"":""S1′"",""organ"":""Hen"",""m"":""M3"",""m_name"":""Mahāmāyā"",""for_what"":""Give codon/transcription/oracle/clock packets and world-clock observations stable typed forms that can be inspected, related, replayed and returned without renderer-local truth."",""native_owners"":""AIKit;QL-MEF;O:I SharedField"",""m_prime_return"":""M3′"",""standing"":""DESIGN-COMMITMENT"",""standing_mapping"":{""source"":""DESIGN-COMMITMENT"",""canonical"":""design-commitment"",""basis"":""Source ratified design standing.""}}"
M4->S1′,relation,inhabitation,M4,S1′,"[""M4P-IDENTITY"",""M4P-DAY-EPISODE"",""M4P-EPISODIC""]","Give DAY/NOW, journal, dream, oracle, episode and PersonalState material Epi-native forms while retaining privacy, identity-source and derived-state distinctions.",,,,design-commitment,EPI-DEEP-SUBSYSTEM-CAPABILITY-MATRIX-PROTOCOL.md;EPI-TA-ONTA-AGENT-WORLD-CAPABILITY-MATRIX.md,,,EPI-TA-ONTA-AGENT-WORLD-CAPABILITY-MATRIX.md,"Give DAY/NOW, journal, dream, oracle, episode and PersonalState material Epi-native forms while retaining privacy, identity-source and derived-state distinctions.",,"{""organ_ref"":""S1′"",""organ"":""Hen"",""m"":""M4"",""m_name"":""Nara"",""for_what"":""Give DAY/NOW, journal, dream, oracle, episode and PersonalState material Epi-native forms while retaining privacy, identity-source and derived-state distinctions."",""native_owners"":""Central;AIKit;QL-MEF"",""m_prime_return"":""M4′"",""standing"":""DESIGN-COMMITMENT"",""standing_mapping"":{""source"":""DESIGN-COMMITMENT"",""canonical"":""design-commitment"",""basis"":""Source ratified design standing.""}}"
M5->S1′,relation,inhabitation,M5,S1′,"[""M5P-LIBRARY"",""M5P-CANON"",""M5P-ATELIER""]","Represent review deposits, Contemplate/Wiki readings, canon proposals, pedagogy and recognised returns as inspectable artifacts with explicit source and mutation authority.",,,,design-commitment,EPI-DEEP-SUBSYSTEM-CAPABILITY-MATRIX-PROTOCOL.md;EPI-TA-ONTA-AGENT-WORLD-CAPABILITY-MATRIX.md,,,EPI-TA-ONTA-AGENT-WORLD-CAPABILITY-MATRIX.md,"Represent review deposits, Contemplate/Wiki readings, canon proposals, pedagogy and recognised returns as inspectable artifacts with explicit source and mutation authority.",,"{""organ_ref"":""S1′"",""organ"":""Hen"",""m"":""M5"",""m_name"":""Epii"",""for_what"":""Represent review deposits, Contemplate/Wiki readings, canon proposals, pedagogy and recognised returns as inspectable artifacts with explicit source and mutation authority."",""native_owners"":""AIKit;Factory;Central;QL-MEF"",""m_prime_return"":""M5′"",""standing"":""DESIGN-COMMITMENT"",""standing_mapping"":{""source"":""DESIGN-COMMITMENT"",""canonical"":""design-commitment"",""basis"":""Source ratified design standing.""}}"
M0->S2′,relation,inhabitation,M0,S2′,"[""M0P-LANGUAGE"",""M0P-QL-STRUCTURE"",""M0P-RELATIONS"",""M0P-TIME-COMMUNITY""]","Expose Locate/Relate/Refract and full Vāk/Bimba operations as executable Epi faculties over canonical O:I Actions and refs, not as a duplicate command universe.",,,,design-commitment,EPI-DEEP-SUBSYSTEM-CAPABILITY-MATRIX-PROTOCOL.md;EPI-TA-ONTA-AGENT-WORLD-CAPABILITY-MATRIX.md,,,EPI-TA-ONTA-AGENT-WORLD-CAPABILITY-MATRIX.md,"Expose Locate/Relate/Refract and full Vāk/Bimba operations as executable Epi faculties over canonical O:I Actions and refs, not as a duplicate command universe.",,"{""organ_ref"":""S2′"",""organ"":""Pleroma"",""m"":""M0"",""m_name"":""Anuttara"",""for_what"":""Expose Locate/Relate/Refract and full Vāk/Bimba operations as executable Epi faculties over canonical O:I Actions and refs, not as a duplicate command universe."",""native_owners"":""AIKit;QL-MEF"",""m_prime_return"":""M0′"",""standing"":""DESIGN-COMMITMENT"",""standing_mapping"":{""source"":""DESIGN-COMMITMENT"",""canonical"":""design-commitment"",""basis"":""Source ratified design standing.""}}"
M1->S2′,relation,inhabitation,M1,S2′,"[""M1P-CANONICAL-SOURCE"",""M1P-HARMONIC-ENGINE"",""M1P-SPANDA"",""M1P-QL-FLOWERING"",""M1P-TOPOLOGY""]","Constitute the QL/harmonic faculty: kernel operations, musical/torus instruments, model access and relevant Surfaces required to play and inspect the relational field.",,,,design-commitment,EPI-DEEP-SUBSYSTEM-CAPABILITY-MATRIX-PROTOCOL.md;EPI-TA-ONTA-AGENT-WORLD-CAPABILITY-MATRIX.md,,,EPI-TA-ONTA-AGENT-WORLD-CAPABILITY-MATRIX.md,"Constitute the QL/harmonic faculty: kernel operations, musical/torus instruments, model access and relevant Surfaces required to play and inspect the relational field.",,"{""organ_ref"":""S2′"",""organ"":""Pleroma"",""m"":""M1"",""m_name"":""Paramaśiva"",""for_what"":""Constitute the QL/harmonic faculty: kernel operations, musical/torus instruments, model access and relevant Surfaces required to play and inspect the relational field."",""native_owners"":""AIKit;QL-MEF;Workcell"",""m_prime_return"":""M1′"",""standing"":""DESIGN-COMMITMENT"",""standing_mapping"":{""source"":""DESIGN-COMMITMENT"",""canonical"":""design-commitment"",""basis"":""Source ratified design standing.""}}"
M2->S2′,relation,inhabitation,M2,S2′,"[""M2P-PROFILE-SOURCE"",""M2P-VIMARSHA-AUDIO"",""M2P-ELEMENTAL-MEDIUM"",""M2P-SONIC-ARENA"",""M2P-DET-GATE""]","Constitute MEF, graph, sonic/cymatic and Kerykeion-query faculties as an Epi affordance field over AIKit capabilities rather than a second capability registry.",,,,design-commitment,EPI-DEEP-SUBSYSTEM-CAPABILITY-MATRIX-PROTOCOL.md;EPI-TA-ONTA-AGENT-WORLD-CAPABILITY-MATRIX.md,,,EPI-TA-ONTA-AGENT-WORLD-CAPABILITY-MATRIX.md,"Constitute MEF, graph, sonic/cymatic and Kerykeion-query faculties as an Epi affordance field over AIKit capabilities rather than a second capability registry.",,"{""organ_ref"":""S2′"",""organ"":""Pleroma"",""m"":""M2"",""m_name"":""Paraśakti"",""for_what"":""Constitute MEF, graph, sonic/cymatic and Kerykeion-query faculties as an Epi affordance field over AIKit capabilities rather than a second capability registry."",""native_owners"":""AIKit;QL-MEF;Workcell"",""m_prime_return"":""M2′"",""standing"":""DESIGN-COMMITMENT"",""standing_mapping"":{""source"":""DESIGN-COMMITMENT"",""canonical"":""design-commitment"",""basis"":""Source ratified design standing.""}}"
M3->S2′,relation,inhabitation,M3,S2′,"[""M3P-CLOCK"",""M3P-TRANSDUCTION"",""M3P-SYMBOLIC-CODEC"",""M3P-ROTATION"",""M3P-MEASUREMENT-INSPECTOR"",""M3P-WORLD-CLOCK""]","Constitute world-clock, codon/transcription, oracle and SharedField operations/Surfaces so an Agent can act on the current symbolic-cosmic world through authoritative providers.",,,,design-commitment,EPI-DEEP-SUBSYSTEM-CAPABILITY-MATRIX-PROTOCOL.md;EPI-TA-ONTA-AGENT-WORLD-CAPABILITY-MATRIX.md,,,EPI-TA-ONTA-AGENT-WORLD-CAPABILITY-MATRIX.md,"Constitute world-clock, codon/transcription, oracle and SharedField operations/Surfaces so an Agent can act on the current symbolic-cosmic world through authoritative providers.",,"{""organ_ref"":""S2′"",""organ"":""Pleroma"",""m"":""M3"",""m_name"":""Mahāmāyā"",""for_what"":""Constitute world-clock, codon/transcription, oracle and SharedField operations/Surfaces so an Agent can act on the current symbolic-cosmic world through authoritative providers."",""native_owners"":""AIKit;O:I SharedField;QL-MEF;Workcell"",""m_prime_return"":""M3′"",""standing"":""DESIGN-COMMITMENT"",""standing_mapping"":{""source"":""DESIGN-COMMITMENT"",""canonical"":""design-commitment"",""basis"":""Source ratified design standing.""}}"
M4->S2′,relation,inhabitation,M4,S2′,"[""M4P-ORACLE""]","Constitute journal, oracle, personal-context and lived-field faculties under Nara privacy and authority, with model/body selection subordinate to the current Agency and consent.",,,,design-commitment,EPI-DEEP-SUBSYSTEM-CAPABILITY-MATRIX-PROTOCOL.md;EPI-TA-ONTA-AGENT-WORLD-CAPABILITY-MATRIX.md,,,EPI-TA-ONTA-AGENT-WORLD-CAPABILITY-MATRIX.md,"Constitute journal, oracle, personal-context and lived-field faculties under Nara privacy and authority, with model/body selection subordinate to the current Agency and consent.",,"{""organ_ref"":""S2′"",""organ"":""Pleroma"",""m"":""M4"",""m_name"":""Nara"",""for_what"":""Constitute journal, oracle, personal-context and lived-field faculties under Nara privacy and authority, with model/body selection subordinate to the current Agency and consent."",""native_owners"":""AIKit;Actuation;Workcell;Central"",""m_prime_return"":""M4′"",""standing"":""DESIGN-COMMITMENT"",""standing_mapping"":{""source"":""DESIGN-COMMITMENT"",""canonical"":""design-commitment"",""basis"":""Source ratified design standing.""}}"
M5->S2′,relation,inhabitation,M5,S2′,"[""M5P-LIBRARY"",""M5P-BACKEND-STUDIO"",""M5P-REFLECTED-APP"",""M5P-CONTROL-ROOM"",""M5P-ATELIER""]","Constitute Contemplate, research, review, evidence, pedagogy and governed model-development faculties so Epii can investigate and improve the system without auto-promoting changes.",,,,design-commitment,EPI-DEEP-SUBSYSTEM-CAPABILITY-MATRIX-PROTOCOL.md;EPI-TA-ONTA-AGENT-WORLD-CAPABILITY-MATRIX.md,,,EPI-TA-ONTA-AGENT-WORLD-CAPABILITY-MATRIX.md,"Constitute Contemplate, research, review, evidence, pedagogy and governed model-development faculties so Epii can investigate and improve the system without auto-promoting changes.",,"{""organ_ref"":""S2′"",""organ"":""Pleroma"",""m"":""M5"",""m_name"":""Epii"",""for_what"":""Constitute Contemplate, research, review, evidence, pedagogy and governed model-development faculties so Epii can investigate and improve the system without auto-promoting changes."",""native_owners"":""AIKit;Factory;QL-MEF;Actuation;Workcell"",""m_prime_return"":""M5′"",""standing"":""DESIGN-COMMITMENT"",""standing_mapping"":{""source"":""DESIGN-COMMITMENT"",""canonical"":""design-commitment"",""basis"":""Source ratified design standing.""}}"
M0->S3′,relation,inhabitation,M0,S3′,"[""M0P-TIME-COMMUNITY""]","Carry source time: source revision, ChangeHorizon, freshness and the temporal difference between canonical ground and current reading.",,,,design-commitment,EPI-DEEP-SUBSYSTEM-CAPABILITY-MATRIX-PROTOCOL.md;EPI-TA-ONTA-AGENT-WORLD-CAPABILITY-MATRIX.md,,,EPI-TA-ONTA-AGENT-WORLD-CAPABILITY-MATRIX.md,"Carry source time: source revision, ChangeHorizon, freshness and the temporal difference between canonical ground and current reading.",,"{""organ_ref"":""S3′"",""organ"":""Chronos"",""m"":""M0"",""m_name"":""Anuttara"",""for_what"":""Carry source time: source revision, ChangeHorizon, freshness and the temporal difference between canonical ground and current reading."",""native_owners"":""Central;AIKit"",""m_prime_return"":""M0′"",""standing"":""DESIGN-COMMITMENT"",""standing_mapping"":{""source"":""DESIGN-COMMITMENT"",""canonical"":""design-commitment"",""basis"":""Source ratified design standing.""}}"
M1->S3′,relation,inhabitation,M1,S3′,"[""M1P-INSTANCE"",""M1P-HARMONIC-ENGINE"",""M1P-SPANDA""]","Carry the harmonic pulse: kernel tick, 12-tick, 360°/720° phase, cycle and profile generation as the formal clock beneath lived and cosmic timing.",,,,design-commitment,EPI-DEEP-SUBSYSTEM-CAPABILITY-MATRIX-PROTOCOL.md;EPI-TA-ONTA-AGENT-WORLD-CAPABILITY-MATRIX.md,,,EPI-TA-ONTA-AGENT-WORLD-CAPABILITY-MATRIX.md,"Carry the harmonic pulse: kernel tick, 12-tick, 360°/720° phase, cycle and profile generation as the formal clock beneath lived and cosmic timing.",,"{""organ_ref"":""S3′"",""organ"":""Chronos"",""m"":""M1"",""m_name"":""Paramaśiva"",""for_what"":""Carry the harmonic pulse: kernel tick, 12-tick, 360°/720° phase, cycle and profile generation as the formal clock beneath lived and cosmic timing."",""native_owners"":""QL-MEF;AIKit"",""m_prime_return"":""M1′"",""standing"":""DESIGN-COMMITMENT"",""standing_mapping"":{""source"":""DESIGN-COMMITMENT"",""canonical"":""design-commitment"",""basis"":""Source ratified design standing.""}}"
M2->S3′,relation,inhabitation,M2,S3′,"[""M2P-VIMARSHA-AUDIO"",""M2P-ELEMENTAL-MEDIUM"",""M2P-DECANIC-FACE"",""M2P-SONIC-ARENA""]","Make Kerykeion a first-class cosmic-time provider: current planetary positions, decan/tattva/aspect conditions and M2-5 correspondences become provenance-bearing Kairos context.",,,,design-commitment,EPI-DEEP-SUBSYSTEM-CAPABILITY-MATRIX-PROTOCOL.md;EPI-TA-ONTA-AGENT-WORLD-CAPABILITY-MATRIX.md,,,EPI-TA-ONTA-AGENT-WORLD-CAPABILITY-MATRIX.md,"Make Kerykeion a first-class cosmic-time provider: current planetary positions, decan/tattva/aspect conditions and M2-5 correspondences become provenance-bearing Kairos context.",,"{""organ_ref"":""S3′"",""organ"":""Chronos"",""m"":""M2"",""m_name"":""Paraśakti"",""for_what"":""Make Kerykeion a first-class cosmic-time provider: current planetary positions, decan/tattva/aspect conditions and M2-5 correspondences become provenance-bearing Kairos context."",""native_owners"":""QL-MEF;AIKit;Workcell"",""m_prime_return"":""M2′"",""standing"":""DESIGN-COMMITMENT"",""standing_mapping"":{""source"":""DESIGN-COMMITMENT"",""canonical"":""design-commitment"",""basis"":""Source ratified design standing.""}}"
M3->S3′,relation,inhabitation,M3,S3′,"[""M3P-CLOCK"",""M3P-ROTATION"",""M3P-WORLD-CLOCK""]","Maintain the impersonal shared NOW: one Earth-relative world-clock/cosmos state hosted through SpaceTimeDB and consumed by desktop, site and Agent without rival clocks or semantic-store duplication.",,,,design-commitment,EPI-DEEP-SUBSYSTEM-CAPABILITY-MATRIX-PROTOCOL.md;EPI-TA-ONTA-AGENT-WORLD-CAPABILITY-MATRIX.md,,,EPI-TA-ONTA-AGENT-WORLD-CAPABILITY-MATRIX.md,"Maintain the impersonal shared NOW: one Earth-relative world-clock/cosmos state hosted through SpaceTimeDB and consumed by desktop, site and Agent without rival clocks or semantic-store duplication.",,"{""organ_ref"":""S3′"",""organ"":""Chronos"",""m"":""M3"",""m_name"":""Mahāmāyā"",""for_what"":""Maintain the impersonal shared NOW: one Earth-relative world-clock/cosmos state hosted through SpaceTimeDB and consumed by desktop, site and Agent without rival clocks or semantic-store duplication."",""native_owners"":""O:I SharedField;AIKit;QL-MEF;Workcell"",""m_prime_return"":""M3′"",""standing"":""DESIGN-COMMITMENT"",""standing_mapping"":{""source"":""DESIGN-COMMITMENT"",""canonical"":""design-commitment"",""basis"":""Source ratified design standing.""}}"
M4->S3′,relation,inhabitation,M4,S3′,"[""M4P-DAY-EPISODE"",""M4P-ORACLE"",""M4P-ACTIVITY"",""M4P-EPISODIC""]","Relate the shared Earth/world NOW to personal DAY/NOW, natal basis, transit, episodes and activity, yielding Q_transit/Kairos context without publishing protected personal state.",,,,design-commitment,EPI-DEEP-SUBSYSTEM-CAPABILITY-MATRIX-PROTOCOL.md;EPI-TA-ONTA-AGENT-WORLD-CAPABILITY-MATRIX.md,,,EPI-TA-ONTA-AGENT-WORLD-CAPABILITY-MATRIX.md,"Relate the shared Earth/world NOW to personal DAY/NOW, natal basis, transit, episodes and activity, yielding Q_transit/Kairos context without publishing protected personal state.",,"{""organ_ref"":""S3′"",""organ"":""Chronos"",""m"":""M4"",""m_name"":""Nara"",""for_what"":""Relate the shared Earth/world NOW to personal DAY/NOW, natal basis, transit, episodes and activity, yielding Q_transit/Kairos context without publishing protected personal state."",""native_owners"":""Central;AIKit;QL-MEF;O:I SharedField"",""m_prime_return"":""M4′"",""standing"":""DESIGN-COMMITMENT"",""standing_mapping"":{""source"":""DESIGN-COMMITMENT"",""canonical"":""design-commitment"",""basis"":""Source ratified design standing.""}}"
M5->S3′,relation,inhabitation,M5,S3′,"[""M5P-REFLECTED-APP""]","Carry Möbius/day-night, knowledge freshness, developmental frontier, review cadence and autoresearch time so Return can be situated in the history that generated it.",,,,design-commitment,EPI-DEEP-SUBSYSTEM-CAPABILITY-MATRIX-PROTOCOL.md;EPI-TA-ONTA-AGENT-WORLD-CAPABILITY-MATRIX.md,,,EPI-TA-ONTA-AGENT-WORLD-CAPABILITY-MATRIX.md,"Carry Möbius/day-night, knowledge freshness, developmental frontier, review cadence and autoresearch time so Return can be situated in the history that generated it.",,"{""organ_ref"":""S3′"",""organ"":""Chronos"",""m"":""M5"",""m_name"":""Epii"",""for_what"":""Carry Möbius/day-night, knowledge freshness, developmental frontier, review cadence and autoresearch time so Return can be situated in the history that generated it."",""native_owners"":""Factory;AIKit;QL-MEF;Central"",""m_prime_return"":""M5′"",""standing"":""DESIGN-COMMITMENT"",""standing_mapping"":{""source"":""DESIGN-COMMITMENT"",""canonical"":""design-commitment"",""basis"":""Source ratified design standing.""}}"
M0->S4′,relation,inhabitation,M0,S4′,"[""M0P-QL-STRUCTURE"",""M0P-PERSONAL-ROUTE"",""M0P-PEDAGOGY-ROUTE""]",Let the actual Bimba/Vāk address and neighbourhood participate in determination of the Agency rather than merely being retrieved as context text.,,,,design-commitment,EPI-DEEP-SUBSYSTEM-CAPABILITY-MATRIX-PROTOCOL.md;EPI-TA-ONTA-AGENT-WORLD-CAPABILITY-MATRIX.md,,,EPI-TA-ONTA-AGENT-WORLD-CAPABILITY-MATRIX.md,Let the actual Bimba/Vāk address and neighbourhood participate in determination of the Agency rather than merely being retrieved as context text.,,"{""organ_ref"":""S4′"",""organ"":""Anima"",""m"":""M0"",""m_name"":""Anuttara"",""for_what"":""Let the actual Bimba/Vāk address and neighbourhood participate in determination of the Agency rather than merely being retrieved as context text."",""native_owners"":""Actuation;AIKit;QL-MEF"",""m_prime_return"":""M0′"",""standing"":""DESIGN-COMMITMENT"",""standing_mapping"":{""source"":""DESIGN-COMMITMENT"",""canonical"":""design-commitment"",""basis"":""Source ratified design standing.""}}"
M1->S4′,relation,inhabitation,M1,S4′,"[""M1P-INSTANCE"",""M1P-HARMONIC-ENGINE"",""M1P-SPANDA"",""M1P-QL-FLOWERING"",""M1P-TOPOLOGY""]","Compose formal/relational Agency: QL operation, reasoning or instrument mode, actor, authority and Return while keeping Agent identity stable across body/model changes.",,,,design-commitment,EPI-DEEP-SUBSYSTEM-CAPABILITY-MATRIX-PROTOCOL.md;EPI-TA-ONTA-AGENT-WORLD-CAPABILITY-MATRIX.md,,,EPI-TA-ONTA-AGENT-WORLD-CAPABILITY-MATRIX.md,"Compose formal/relational Agency: QL operation, reasoning or instrument mode, actor, authority and Return while keeping Agent identity stable across body/model changes.",,"{""organ_ref"":""S4′"",""organ"":""Anima"",""m"":""M1"",""m_name"":""Paramaśiva"",""for_what"":""Compose formal/relational Agency: QL operation, reasoning or instrument mode, actor, authority and Return while keeping Agent identity stable across body/model changes."",""native_owners"":""Actuation;QL-MEF;AIKit"",""m_prime_return"":""M1′"",""standing"":""DESIGN-COMMITMENT"",""standing_mapping"":{""source"":""DESIGN-COMMITMENT"",""canonical"":""design-commitment"",""basis"":""Source ratified design standing.""}}"
M2->S4′,relation,inhabitation,M2,S4′,"[""M2P-VIMARSHA-AUDIO"",""M2P-SONIC-ARENA"",""M2P-DET-GATE""]","Coordinate capabilities, models, specialist Agencies and correspondential instruments under the active Context Frame, selecting an operative body appropriate to this act.",,,,design-commitment,EPI-DEEP-SUBSYSTEM-CAPABILITY-MATRIX-PROTOCOL.md;EPI-TA-ONTA-AGENT-WORLD-CAPABILITY-MATRIX.md,,,EPI-TA-ONTA-AGENT-WORLD-CAPABILITY-MATRIX.md,"Coordinate capabilities, models, specialist Agencies and correspondential instruments under the active Context Frame, selecting an operative body appropriate to this act.",,"{""organ_ref"":""S4′"",""organ"":""Anima"",""m"":""M2"",""m_name"":""Paraśakti"",""for_what"":""Coordinate capabilities, models, specialist Agencies and correspondential instruments under the active Context Frame, selecting an operative body appropriate to this act."",""native_owners"":""Actuation;AIKit;QL-MEF;Workcell"",""m_prime_return"":""M2′"",""standing"":""DESIGN-COMMITMENT"",""standing_mapping"":{""source"":""DESIGN-COMMITMENT"",""canonical"":""design-commitment"",""basis"":""Source ratified design standing.""}}"
M3->S4′,relation,inhabitation,M3,S4′,"[""M3P-SYMBOLIC-CODEC"",""M3P-ROTATION"",""M3P-WORLD-CLOCK""]","Compose Journey/Run, AgentSet, Vāk path, thread topology, temporal phase, Actions and material placement into the developmental act actually being performed.",,,,design-commitment,EPI-DEEP-SUBSYSTEM-CAPABILITY-MATRIX-PROTOCOL.md;EPI-TA-ONTA-AGENT-WORLD-CAPABILITY-MATRIX.md,,,EPI-TA-ONTA-AGENT-WORLD-CAPABILITY-MATRIX.md,"Compose Journey/Run, AgentSet, Vāk path, thread topology, temporal phase, Actions and material placement into the developmental act actually being performed.",,"{""organ_ref"":""S4′"",""organ"":""Anima"",""m"":""M3"",""m_name"":""Mahāmāyā"",""for_what"":""Compose Journey/Run, AgentSet, Vāk path, thread topology, temporal phase, Actions and material placement into the developmental act actually being performed."",""native_owners"":""Factory;Actuation;AIKit;Workcell;QL-MEF"",""m_prime_return"":""M3′"",""standing"":""DESIGN-COMMITMENT"",""standing_mapping"":{""source"":""DESIGN-COMMITMENT"",""canonical"":""design-commitment"",""basis"":""Source ratified design standing.""}}"
M4->S4′,relation,inhabitation,M4,S4′,"[""M4P-IDENTITY"",""M4P-ORACLE"",""M4P-ACTIVITY"",""M4P-PROMOTION-SEAM""]","Instantiate the Nara/Psyche dialogical subject relation: personal context, voice, attention, consent and privacy become operative conditions of Agency without reducing the human to the model.",,,,design-commitment,EPI-DEEP-SUBSYSTEM-CAPABILITY-MATRIX-PROTOCOL.md;EPI-TA-ONTA-AGENT-WORLD-CAPABILITY-MATRIX.md,,,EPI-TA-ONTA-AGENT-WORLD-CAPABILITY-MATRIX.md,"Instantiate the Nara/Psyche dialogical subject relation: personal context, voice, attention, consent and privacy become operative conditions of Agency without reducing the human to the model.",,"{""organ_ref"":""S4′"",""organ"":""Anima"",""m"":""M4"",""m_name"":""Nara"",""for_what"":""Instantiate the Nara/Psyche dialogical subject relation: personal context, voice, attention, consent and privacy become operative conditions of Agency without reducing the human to the model."",""native_owners"":""Actuation;AIKit;Central;Workcell;QL-MEF"",""m_prime_return"":""M4′"",""standing"":""DESIGN-COMMITMENT"",""standing_mapping"":{""source"":""DESIGN-COMMITMENT"",""canonical"":""design-commitment"",""basis"":""Source ratified design standing.""}}"
M5->S4′,relation,inhabitation,M5,S4′,"[""M5P-CANON"",""M5P-BACKEND-STUDIO"",""M5P-REFLECTED-APP"",""M5P-CONTROL-ROOM"",""M5P-ATELIER""]","Compose Epii/Sophia/guardian review and metagency so evidence and proposals are routed to the authority that can recognise, refuse, revise or promote them.",,,,design-commitment,EPI-DEEP-SUBSYSTEM-CAPABILITY-MATRIX-PROTOCOL.md;EPI-TA-ONTA-AGENT-WORLD-CAPABILITY-MATRIX.md,,,EPI-TA-ONTA-AGENT-WORLD-CAPABILITY-MATRIX.md,"Compose Epii/Sophia/guardian review and metagency so evidence and proposals are routed to the authority that can recognise, refuse, revise or promote them.",,"{""organ_ref"":""S4′"",""organ"":""Anima"",""m"":""M5"",""m_name"":""Epii"",""for_what"":""Compose Epii/Sophia/guardian review and metagency so evidence and proposals are routed to the authority that can recognise, refuse, revise or promote them."",""native_owners"":""Actuation;Factory;AIKit;QL-MEF;Central"",""m_prime_return"":""M5′"",""standing"":""DESIGN-COMMITMENT"",""standing_mapping"":{""source"":""DESIGN-COMMITMENT"",""canonical"":""design-commitment"",""basis"":""Source ratified design standing.""}}"
M0->S5′,relation,inhabitation,M0,S5′,"[""M0P-LANGUAGE"",""M0P-RELATIONS"",""M0P-PERSONAL-ROUTE"",""M0P-PEDAGOGY-ROUTE""]","Return observations, questions and new relations as Bimba-addressable Knowledge with standing and provenance, preserving the difference between source, reading and proposal.",,,,design-commitment,EPI-DEEP-SUBSYSTEM-CAPABILITY-MATRIX-PROTOCOL.md;EPI-TA-ONTA-AGENT-WORLD-CAPABILITY-MATRIX.md,,,EPI-TA-ONTA-AGENT-WORLD-CAPABILITY-MATRIX.md,"Return observations, questions and new relations as Bimba-addressable Knowledge with standing and provenance, preserving the difference between source, reading and proposal.",,"{""organ_ref"":""S5′"",""organ"":""Aletheia"",""m"":""M0"",""m_name"":""Anuttara"",""for_what"":""Return observations, questions and new relations as Bimba-addressable Knowledge with standing and provenance, preserving the difference between source, reading and proposal."",""native_owners"":""AIKit;QL-MEF;Central"",""m_prime_return"":""M0′"",""standing"":""DESIGN-COMMITMENT"",""standing_mapping"":{""source"":""DESIGN-COMMITMENT"",""canonical"":""design-commitment"",""basis"":""Source ratified design standing.""}}"
M1->S5′,relation,inhabitation,M1,S5′,"[""M1P-TOPOLOGY""]","Return evidence about QL/harmonic propositions, derivations and instrument behaviour so formal claims can be strengthened, corrected or kept explicitly speculative.",,,,design-commitment,EPI-DEEP-SUBSYSTEM-CAPABILITY-MATRIX-PROTOCOL.md;EPI-TA-ONTA-AGENT-WORLD-CAPABILITY-MATRIX.md,,,EPI-TA-ONTA-AGENT-WORLD-CAPABILITY-MATRIX.md,"Return evidence about QL/harmonic propositions, derivations and instrument behaviour so formal claims can be strengthened, corrected or kept explicitly speculative.",,"{""organ_ref"":""S5′"",""organ"":""Aletheia"",""m"":""M1"",""m_name"":""Paramaśiva"",""for_what"":""Return evidence about QL/harmonic propositions, derivations and instrument behaviour so formal claims can be strengthened, corrected or kept explicitly speculative."",""native_owners"":""QL-MEF;AIKit;Factory"",""m_prime_return"":""M1′"",""standing"":""DESIGN-COMMITMENT"",""standing_mapping"":{""source"":""DESIGN-COMMITMENT"",""canonical"":""design-commitment"",""basis"":""Source ratified design standing.""}}"
M2->S5′,relation,inhabitation,M2,S5′,"[""M2P-DECANIC-FACE"",""M2P-DET-GATE""]","Return correspondence, retrieval, model and instrument fitness evidence so the Paraśakti field can learn from use without silently converting observed resonance into canon.",,,,design-commitment,EPI-DEEP-SUBSYSTEM-CAPABILITY-MATRIX-PROTOCOL.md;EPI-TA-ONTA-AGENT-WORLD-CAPABILITY-MATRIX.md,,,EPI-TA-ONTA-AGENT-WORLD-CAPABILITY-MATRIX.md,"Return correspondence, retrieval, model and instrument fitness evidence so the Paraśakti field can learn from use without silently converting observed resonance into canon.",,"{""organ_ref"":""S5′"",""organ"":""Aletheia"",""m"":""M2"",""m_name"":""Paraśakti"",""for_what"":""Return correspondence, retrieval, model and instrument fitness evidence so the Paraśakti field can learn from use without silently converting observed resonance into canon."",""native_owners"":""AIKit;QL-MEF;Factory"",""m_prime_return"":""M2′"",""standing"":""DESIGN-COMMITMENT"",""standing_mapping"":{""source"":""DESIGN-COMMITMENT"",""canonical"":""design-commitment"",""basis"":""Source ratified design standing.""}}"
M3->S5′,relation,inhabitation,M3,S5′,"[""M3P-TRANSDUCTION"",""M3P-MEASUREMENT-INSPECTOR""]","Return execution traces, transcription/pathway evidence and recurrent patterns as governed improvement candidates; process-RL/federated/genetic work remains explicit research/development until implemented and accepted.",,,,design-commitment,EPI-DEEP-SUBSYSTEM-CAPABILITY-MATRIX-PROTOCOL.md;EPI-TA-ONTA-AGENT-WORLD-CAPABILITY-MATRIX.md,,,EPI-TA-ONTA-AGENT-WORLD-CAPABILITY-MATRIX.md,"Return execution traces, transcription/pathway evidence and recurrent patterns as governed improvement candidates; process-RL/federated/genetic work remains explicit research/development until implemented and accepted.",,"{""organ_ref"":""S5′"",""organ"":""Aletheia"",""m"":""M3"",""m_name"":""Mahāmāyā"",""for_what"":""Return execution traces, transcription/pathway evidence and recurrent patterns as governed improvement candidates; process-RL/federated/genetic work remains explicit research/development until implemented and accepted."",""native_owners"":""Factory;AIKit;QL-MEF"",""m_prime_return"":""M3′"",""standing"":""DESIGN-COMMITMENT"",""standing_mapping"":{""source"":""DESIGN-COMMITMENT"",""canonical"":""design-commitment"",""basis"":""Source ratified design standing.""}}"
M4->S5′,relation,inhabitation,M4,S5′,"[""M4P-IDENTITY"",""M4P-DAY-EPISODE"",""M4P-ORACLE"",""M4P-ACTIVITY"",""M4P-EPISODIC"",""M4P-PROMOTION-SEAM""]","Metabolise episodes, thoughts, dreams, oracle/activity material and InternalityObservations into protected learning and identity proposals, with adoption gated by the owning human/source authority.",,,,design-commitment,EPI-DEEP-SUBSYSTEM-CAPABILITY-MATRIX-PROTOCOL.md;EPI-TA-ONTA-AGENT-WORLD-CAPABILITY-MATRIX.md,,,EPI-TA-ONTA-AGENT-WORLD-CAPABILITY-MATRIX.md,"Metabolise episodes, thoughts, dreams, oracle/activity material and InternalityObservations into protected learning and identity proposals, with adoption gated by the owning human/source authority.",,"{""organ_ref"":""S5′"",""organ"":""Aletheia"",""m"":""M4"",""m_name"":""Nara"",""for_what"":""Metabolise episodes, thoughts, dreams, oracle/activity material and InternalityObservations into protected learning and identity proposals, with adoption gated by the owning human/source authority."",""native_owners"":""Central;AIKit;Factory;QL-MEF"",""m_prime_return"":""M4′"",""standing"":""DESIGN-COMMITMENT"",""standing_mapping"":{""source"":""DESIGN-COMMITMENT"",""canonical"":""design-commitment"",""basis"":""Source ratified design standing.""}}"
M5->S5′,relation,inhabitation,M5,S5′,"[""M5P-LIBRARY"",""M5P-CANON"",""M5P-BACKEND-STUDIO"",""M5P-CONTROL-ROOM"",""M5P-ATELIER""]","Close the Epii loop through Contemplate, Gnosis, pedagogy, review/autoresearch and Recognition, making returned actuality traversable back into Bimba/Vāk and future Agency.",,,,design-commitment,EPI-DEEP-SUBSYSTEM-CAPABILITY-MATRIX-PROTOCOL.md;EPI-TA-ONTA-AGENT-WORLD-CAPABILITY-MATRIX.md,,,EPI-TA-ONTA-AGENT-WORLD-CAPABILITY-MATRIX.md,"Close the Epii loop through Contemplate, Gnosis, pedagogy, review/autoresearch and Recognition, making returned actuality traversable back into Bimba/Vāk and future Agency.",,"{""organ_ref"":""S5′"",""organ"":""Aletheia"",""m"":""M5"",""m_name"":""Epii"",""for_what"":""Close the Epii loop through Contemplate, Gnosis, pedagogy, review/autoresearch and Recognition, making returned actuality traversable back into Bimba/Vāk and future Agency."",""native_owners"":""QL-MEF;AIKit;Factory;Central"",""m_prime_return"":""M5′"",""standing"":""DESIGN-COMMITMENT"",""standing_mapping"":{""source"":""DESIGN-COMMITMENT"",""canonical"":""design-commitment"",""basis"":""Source ratified design standing.""}}"
